ID,"Survey Data ID","Survey ID",Survey,Participant,Age,Gender,Address,"Well-Functioning Government","Low Levels of Corruption","Equitable Distribution of Resources","Good Relations with Neighbours","Free Flow of Information","High Levels of Human Capital","Sound Business Environment","Acceptance of the Rights of Others","Positive Peace","Negative Peace","Extra Question 1","Extra Question 2","Extra Question 3","Extra Question 4","Survey Date"
1305,etv2axs6d10uam5q3wetv2ayu6mhmafc,bggxbjYa,"Final Global Pattern Survey (Multiple Extra Questions)",,"25 to 44",Male,,3,3,3,4,4,4,4,5,3,4,5,test,One,One,"10 Jun, 2025"
1304,324ewfwguce8z5c65324ranfw4utibit,bggxbjYa,"Final Global Pattern Survey (Multiple Extra Questions)",,"45 to 64",Other,,5,4,3,2,3,4,5,4,3,4,5,"answer 2",Two,Two,"08 Jun, 2025"
1303,sjlt09jvubo9wt35xpc6sjlt0uwf470g,xrCVNDYc,"Final Country Pattern Survey (Multiple Extra Questions)",,"45 to 64",Other,Lalitpur,4,3,5,4,2,3,4,5,4,3,"answer 1",Three,5,5,"Four, Two, One","08 Jun, 2025"
1302,rx2d99rg4x04xz3r4rx2dcofcvabtt79,xrCVNDYc,"Final Country Pattern Survey (Multiple Extra Questions)",,"25 to 44",Male,kathmandu,5,4,3,4,5,3,4,5,3,2,"answer 1",Three,5,5,0,"08 Jun, 2025"
1299,01JX7M9GJE234ARPNVE6YSZGS7,QW6dZzfA,"Community Peace Perceptions Survey - IEP",,"25 to 44",Male,,1,3,4,5,6,3,6,3,4,3,"08 Jun, 2025"
1298,01JX7BPEC5MC927JS3E06DBFMA,QW6dZzfA,"Community Peace Perceptions Survey - IEP",,"18 to 24",Male,,1,3,5,6,4,5,2,4,3,,"08 Jun, 2025"
1297,01JX76H2TY3JJKJV6HCC0MWD79,QW6dZzfA,"Community Peace Perceptions Survey - IEP",,"45 to 64",Other,,,,,,,,,,,,"08 Jun, 2025"
1296,01JX29QRTDPSZ1C0ED6XHTYYRT,QW6dZzfA,"Community Peace Perceptions Survey - IEP",,"18 to 24",Male,,3,3,4,4,5,4,5,4,4,4,"06 Jun, 2025"
1295,01JX0YJBW342JTH5MAJEBTWXWX,QW6dZzfA,"Community Peace Perceptions Survey - IEP",,"Prefer not to say",Female,,3,4,4,4,5,3,5,3,5,5,"05 Jun, 2025"
1294,01JX0567892JQSZYV22X8G4250,QW6dZzfA,"Community Peace Perceptions Survey - IEP",,"25 to 44",Female,,4,5,6,4,6,3,6,4,4,5,"05 Jun, 2025"
1293,a714dorb6pm861h0x5ua714dozhuvcqv,Cq7xBqiz,"Global Survey Template",,"18 to 24",Female,,6,6,6,6,6,6,6,6,6,6,"04 Jun, 2025"
1292,01JWWXM67KA3MD29S9831HDP4H,QW6dZzfA,"Community Peace Perceptions Survey - IEP",,"25 to 44",Male,,3,5,5,5,5,2,5,2,5,5,"04 Jun, 2025"
1291,01JWWW8S27BPD0VM1C1HH3E6WE,QW6dZzfA,"Community Peace Perceptions Survey - IEP",,"45 to 64",Male,,3,2,2,6,5,5,,,,,"04 Jun, 2025"
1290,82xwni9849xe8q1zw82xwszdxvalhmsv,aSwTAWyF,"Country Pattern Survey",,"18 to 24","Prefer not to say",,5,5,5,5,5,5,5,5,5,5,"04 Jun, 2025"
1289,jiqccv13wl1qhxjm4jiqc88sym0xz83k,Cq7xBqiz,"Global Survey Template",,"45 to 64",Male,,4,5,3,6,5,6,4,2,6,5,"04 Jun, 2025"
1288,01JWWSXT6WCS72276Z3FBEN4M3,QW6dZzfA,"Community Peace Perceptions Survey - IEP",,"25 to 44",Male,,,,,,,,,,,,"04 Jun, 2025"
1287,31kr13c7uje16l3kspjk631kr13eve3f,aSwTAWyF,"Country Pattern Survey",,"65 or over",Other,,4,3,5,5,5,2,6,5,4,5,"04 Jun, 2025"
1286,01JWWRVN3HT1WMP0PEYX6HTW0E,QW6dZzfA,"Community Peace Perceptions Survey - IEP",,"45 to 64",Male,,3,3,3,3,4,6,4,4,5,5,"04 Jun, 2025"
1285,ue47cywhhacy0cbkp9mc1ue47c96nx4j,Cq7xBqiz,"Global Survey Template",,"18 to 24",Other,,4,1,6,6,6,6,6,6,6,6,"04 Jun, 2025"
1284,mi62xnuyre0dt61pkxw6mi62xnuho3cf,Cq7xBqiz,"Global Survey Template",,"65 or over",Other,,5,4,3,2,1,2,3,4,5,4,"04 Jun, 2025"
1283,nk7pdito2o37e4urgnk7pdicush0x4th,Cq7xBqiz,"Global Survey Template",,"45 to 64",Male,,5,4,3,2,1,3,4,5,4,3,"04 Jun, 2025"
1282,jh0dq6ww1tjm4fg96t5jh0dq6wiled9q,Cq7xBqiz,"Global Survey Template",,"Prefer not to say","Prefer not to say",,5,4,3,2,1,2,3,4,5,6,"04 Jun, 2025"
1281,78unt16e8zjkemo78untaxsjouu3v2in,aSwTAWyF,"Country Pattern Survey",,"25 to 44","Prefer not to say",,5,2,4,3,1,5,6,4,3,5,"04 Jun, 2025"
1280,01JWVV0VK54K5FAC5RF9RCNRPG,QW6dZzfA,"Community Peace Perceptions Survey - IEP",,"25 to 44",Male,,3,3,2,4,3,6,6,1,2,3,"03 Jun, 2025"
1279,01JWVS9T0GZQ5P26CH3HBGJ5B4,QW6dZzfA,"Community Peace Perceptions Survey - IEP",,"25 to 44",Female,,1,,,,,,,,,,"03 Jun, 2025"
1278,01JWVPPWFT6DF91NWSMRZSRK7C,QW6dZzfA,"Community Peace Perceptions Survey - IEP",,"25 to 44",Male,,2,3,1,1,2,1,4,1,5,3,"03 Jun, 2025"
1277,01JWVPPM6EHEX4D0R3XQTYSG0W,QW6dZzfA,"Community Peace Perceptions Survey - IEP",,"25 to 44",Female,,2,3,4,4,6,3,6,2,2,1,"03 Jun, 2025"
1276,01JWVMJK53P7MNV8MKXHE5NFQ5,QW6dZzfA,"Community Peace Perceptions Survey - IEP",,"25 to 44",Female,,6,6,6,6,6,1,6,6,6,,"03 Jun, 2025"
1275,01JWV9DX4Q77QMENWRJEW10FEW,QW6dZzfA,"Community Peace Perceptions Survey - IEP",,"25 to 44",Female,,2,2,1,6,3,4,6,,,,"03 Jun, 2025"
1274,01JWTZ83YJAWZ4AM8NH9M67R47,QW6dZzfA,"Community Peace Perceptions Survey - IEP",,"25 to 44",Male,,6,3,3,4,6,1,6,1,6,6,"03 Jun, 2025"
1273,01JWTXV8FVCMB7NQR3MD5EZ0KK,QW6dZzfA,"Community Peace Perceptions Survey - IEP",,"45 to 64",Male,,5,4,4,5,5,4,6,4,3,5,"03 Jun, 2025"
1090,w18je8ybol4vz3ktjjw18je190v4bv02,QW6dZzfA,"Community Peace Perceptions Survey - IEP",,"25 to 44",Female,,1,6,6,6,6,6,6,6,6,6,"03 Jun, 2025"
1091,zcdp5u7xzttzod6i90zcdzayadosuz3r,QW6dZzfA,"Community Peace Perceptions Survey - IEP",,"45 to 64",Male,,3,3,5,6,6,6,6,3,5,6,"03 Jun, 2025"
1092,96b5qr92toje35qsngpld96b5qrh1oow,QW6dZzfA,"Community Peace Perceptions Survey - IEP",,"25 to 44",Male,,3,5,6,6,6,6,,,,,"03 Jun, 2025"
1093,i6djql46kejz6pvykze9ti6djqlpl1ar,QW6dZzfA,"Community Peace Perceptions Survey - IEP",,"45 to 64",Male,,1,1,2,4,3,3,1,3,1,,"03 Jun, 2025"
1094,x6vrw4ftf7ktjm4rayx6vrwstnqnt234,QW6dZzfA,"Community Peace Perceptions Survey - IEP",,"45 to 64",Female,,1,1,3,6,6,6,6,1,,,"03 Jun, 2025"
1095,xmmwk2egzk0eltjz114xmmwk2mz3u4db,QW6dZzfA,"Community Peace Perceptions Survey - IEP",,"25 to 44",Female,,3,5,4,5,5,4,5,1,4,6,"03 Jun, 2025"
1096,xm1tdlww8c04t98m2kacrxm1tdnj2wfj,QW6dZzfA,"Community Peace Perceptions Survey - IEP",,"25 to 44",Male,,4,4,5,6,5,5,3,6,,,"03 Jun, 2025"
1097,95qwt8se2p4zbxcnl95qwt3smjvx153r,QW6dZzfA,"Community Peace Perceptions Survey - IEP",,"45 to 64",Male,,4,6,6,6,6,6,1,1,6,6,"03 Jun, 2025"
1098,ur358puleo7r820ur35nkwfmzsgb0nnq,QW6dZzfA,"Community Peace Perceptions Survey - IEP",,"45 to 64",Male,,4,3,3,3,5,3,3,3,5,,"03 Jun, 2025"
1099,9oiswck606a8j0bjs9oiswcrhkfptdld,QW6dZzfA,"Community Peace Perceptions Survey - IEP",,"45 to 64",Female,,5,5,5,6,5,6,5,2,6,6,"03 Jun, 2025"
1100,l6zph7ga5b7ndu801l8jkozp6l6zph7g,QW6dZzfA,"Community Peace Perceptions Survey - IEP",,"45 to 64",Male,,6,1,6,6,6,6,6,1,1,1,"03 Jun, 2025"
1101,hmbgnpftayjirhmb2q1n0y2kjhn8druc,QW6dZzfA,"Community Peace Perceptions Survey - IEP",,"25 to 44",Male,,3,5,4,4,4,1,5,3,5,,"03 Jun, 2025"
1102,u0bls88pp85kfg3h5u0bl5rxyocmrzfe,QW6dZzfA,"Community Peace Perceptions Survey - IEP",,"45 to 64",Female,,4,6,5,4,6,5,5,4,5,6,"03 Jun, 2025"
1103,7vphlzhfhyiuxei250k7vphxrdjuvaos,QW6dZzfA,"Community Peace Perceptions Survey - IEP",,"45 to 64",Male,,3,6,6,6,6,1,6,1,6,1,"03 Jun, 2025"
1104,zjug5osogfrqx5lvj9xzl25ezjug5ozd,QW6dZzfA,"Community Peace Perceptions Survey - IEP",,"25 to 44",Female,,6,6,6,6,1,1,1,1,,,"03 Jun, 2025"
1105,c172n0lms1r7ok97hc172n0lmo45pwv4,QW6dZzfA,"Community Peace Perceptions Survey - IEP",,"45 to 64",Female,,1,1,3,3,5,6,6,1,5,,"03 Jun, 2025"
1106,9cfj867d9jv8mcw8mv9cfj8egjsarji9,QW6dZzfA,"Community Peace Perceptions Survey - IEP",,"25 to 44",Male,,6,1,1,6,6,1,6,1,6,6,"03 Jun, 2025"
1107,675p4ac546r1p5w7675p4a9sdwyxzhcf,QW6dZzfA,"Community Peace Perceptions Survey - IEP",,"45 to 64",Female,,3,3,4,5,6,6,6,1,3,3,"03 Jun, 2025"
1108,2i3vgck4grc5p8tt2i3vh5xl8xvr7slc,QW6dZzfA,"Community Peace Perceptions Survey - IEP",,"25 to 44",Female,,4,5,4,4,6,3,6,4,5,5,"03 Jun, 2025"
1109,os9yjw3sax34ijossjkm8ysj406pa0sj,QW6dZzfA,"Community Peace Perceptions Survey - IEP",,"25 to 44",Male,,1,1,1,3,4,6,4,1,6,4,"03 Jun, 2025"
1110,6ntifn62y1a7zoflcie6ntifn690ylzv,QW6dZzfA,"Community Peace Perceptions Survey - IEP",,"25 to 44",Female,,6,6,6,2,6,3,6,6,,,"03 Jun, 2025"
1111,yp7w8unjkj0ilfyp7w82hj8ps50aqav7,QW6dZzfA,"Community Peace Perceptions Survey - IEP",,"45 to 64",Female,,6,6,6,5,5,3,6,1,4,5,"03 Jun, 2025"
1112,hvsl1auspdd87pmf3m4jrohvsl1qwbz8,QW6dZzfA,"Community Peace Perceptions Survey - IEP",,"45 to 64",Female,,4,2,4,3,2,6,5,2,6,6,"03 Jun, 2025"
1113,o4yiko923yl4fjvxrsjrqmo4yikoi814,QW6dZzfA,"Community Peace Perceptions Survey - IEP",,"18 to 24",Female,,2,2,1,5,5,3,4,1,2,4,"03 Jun, 2025"
1114,kz07mq7b1u2sr2g4hkz077o9ymf556jw,QW6dZzfA,"Community Peace Perceptions Survey - IEP",,"25 to 44",Female,,6,3,6,6,4,3,4,4,6,3,"03 Jun, 2025"
1115,vhmwmy4dgqck1j3vhiz9yt6jcr5jiwz6,QW6dZzfA,"Community Peace Perceptions Survey - IEP",,"18 to 24",Male,,1,4,6,6,6,1,6,1,6,1,"03 Jun, 2025"
1116,vrz1e5lffuwyucilvrzn895a038lzibe,QW6dZzfA,"Community Peace Perceptions Survey - IEP",,"18 to 24",Female,,2,3,3,6,3,5,3,4,2,,"03 Jun, 2025"
1117,l9j4x4sw4r0udhchbrgl9j4l76g35o25,QW6dZzfA,"Community Peace Perceptions Survey - IEP",,"45 to 64",Male,,4,2,4,6,6,5,6,5,5,5,"03 Jun, 2025"
1118,9cb8oh1tnvynex8qrb6xc9cb8i95zjg8,QW6dZzfA,"Community Peace Perceptions Survey - IEP",,"45 to 64",Male,,4,4,4,4,6,1,6,4,5,6,"03 Jun, 2025"
1119,jvommsvwirguj1dbz2jvommk8bc72xv9,QW6dZzfA,"Community Peace Perceptions Survey - IEP",,"25 to 44",Female,,6,6,1,1,6,1,6,1,6,1,"03 Jun, 2025"
1120,u7p9507fgzqtupsmx8cxu7p9505nct6l,QW6dZzfA,"Community Peace Perceptions Survey - IEP",,"65 and over",Female,,3,3,4,3,5,5,6,3,4,4,"03 Jun, 2025"
1121,xenn7xzcufy71xgixenn4qr8nvk9o6ba,QW6dZzfA,"Community Peace Perceptions Survey - IEP",,"25 to 44",Male,,1,2,3,4,6,5,3,1,1,1,"03 Jun, 2025"
1122,coqbv7jqh727xf3ppicoqbv0f4jvi8ep,QW6dZzfA,"Community Peace Perceptions Survey - IEP",,"45 to 64",Male,,3,2,5,6,1,3,3,4,5,,"03 Jun, 2025"
1123,08kgdjix6kbu4n08k6bt0pv4xb2g0q16,QW6dZzfA,"Community Peace Perceptions Survey - IEP",,"25 to 44",Male,,5,4,3,4,6,3,4,1,2,2,"03 Jun, 2025"
1124,99nlc1to8mmedz2zpsa99nlc1lksij0m,QW6dZzfA,"Community Peace Perceptions Survey - IEP",,"25 to 44",Male,,1,1,1,1,1,1,1,1,1,,"03 Jun, 2025"
1125,lye9ga2rk8yq1i0flye9ga64k4tn4z9e,QW6dZzfA,"Community Peace Perceptions Survey - IEP",,"18 to 24",Female,,6,6,1,6,1,1,6,,,,"03 Jun, 2025"
1126,dkntm00zx429jkiktmldkntmsabff3q9,QW6dZzfA,"Community Peace Perceptions Survey - IEP",,"25 to 44",Female,,1,1,3,3,3,6,2,1,3,4,"03 Jun, 2025"
1127,5zzhyv53tmf8mrsb6ylrh5zzhyvrpq9w,QW6dZzfA,"Community Peace Perceptions Survey - IEP",,"18 to 24",Female,,1,2,3,3,6,5,6,1,4,3,"03 Jun, 2025"
1128,5k7vum1gljlgim5syvoqik95k7vumtpz,QW6dZzfA,"Community Peace Perceptions Survey - IEP",,"25 to 44",Male,,6,6,6,6,6,3,6,3,5,,"03 Jun, 2025"
1129,rspgrd6i6fezmarspgaqus8zzbru1zz8,QW6dZzfA,"Community Peace Perceptions Survey - IEP",,"45 to 64",Female,,3,4,4,3,5,3,5,3,3,2,"03 Jun, 2025"
1130,hstp6a3g3aoshstp2bgwsamyrgrsfi2b,QW6dZzfA,"Community Peace Perceptions Survey - IEP",,"25 to 44",Female,,4,4,3,5,5,2,5,4,5,5,"03 Jun, 2025"
1131,jmkd7edpzyx5ajme0kepq7xdb3bd0drd,QW6dZzfA,"Community Peace Perceptions Survey - IEP",,"25 to 44",Male,,4,4,3,4,4,5,5,3,5,3,"03 Jun, 2025"
1132,3qd6kzf0txd5hkm3qd6h3c92qfxoahzd,QW6dZzfA,"Community Peace Perceptions Survey - IEP",,"45 to 64",Female,,3,6,4,4,5,4,6,2,5,6,"03 Jun, 2025"
1133,13jm28m5onjdzizbmjo913jmra0qug6r,QW6dZzfA,"Community Peace Perceptions Survey - IEP",,"Prefer not to say",Female,,6,6,6,6,6,1,6,1,6,6,"03 Jun, 2025"
1134,hg79ib1riuf5hhse35j5hg79ibrtc9el,QW6dZzfA,"Community Peace Perceptions Survey - IEP",,"45 to 64",Male,,1,1,2,5,6,1,4,1,2,1,"03 Jun, 2025"
1135,b54cbe3xpkpmx87vacb54cbe8us29g7l,QW6dZzfA,"Community Peace Perceptions Survey - IEP",,"45 to 64",Male,,6,2,6,6,1,6,1,1,6,6,"03 Jun, 2025"
1136,toip7jheapnvotoi9am1kc4borr8cf97,QW6dZzfA,"Community Peace Perceptions Survey - IEP",,"25 to 44",Female,,1,2,1,5,6,6,6,1,4,6,"03 Jun, 2025"
1137,m94jc6m32nurlwplij85wm94jc6dpv2e,QW6dZzfA,"Community Peace Perceptions Survey - IEP",,"45 to 64",Female,,4,5,4,4,5,5,5,4,4,3,"03 Jun, 2025"
1138,tqkzp2yfigi2kgv4chdktqkzp5elad2r,QW6dZzfA,"Community Peace Perceptions Survey - IEP",,"25 to 44",Male,,3,6,1,6,1,1,6,,,,"03 Jun, 2025"
1139,563adfhisawchg3agm1563a5wqmrncre,QW6dZzfA,"Community Peace Perceptions Survey - IEP",,"45 to 64",Male,,1,1,1,3,3,2,3,1,2,2,"03 Jun, 2025"
1140,6bs3aqvnhpe8sfk6bsygy2styr56wv57,QW6dZzfA,"Community Peace Perceptions Survey - IEP",,"25 to 44",Female,,5,3,5,5,5,5,4,5,5,,"03 Jun, 2025"
1141,frjyoyk2r2cms5ufrynytsk7bscrp65j,QW6dZzfA,"Community Peace Perceptions Survey - IEP",,"25 to 44",Male,,1,6,6,6,1,6,1,6,6,,"03 Jun, 2025"
1142,tphshjbu9uop3eaxwktphgmo3w1syvdh,QW6dZzfA,"Community Peace Perceptions Survey - IEP",,"25 to 44",Male,,5,2,1,3,6,6,6,2,2,3,"03 Jun, 2025"
1143,p0mfgs2cy9a9i7vefwm8p0mfgczmbqbc,QW6dZzfA,"Community Peace Perceptions Survey - IEP",,"25 to 44",Female,,4,2,2,2,4,2,3,4,2,3,"03 Jun, 2025"
1144,h577v2y5e8mgfrn4eh57i29gha41wgk2,QW6dZzfA,"Community Peace Perceptions Survey - IEP",,"45 to 64",Male,,5,5,6,6,6,6,6,2,5,,"03 Jun, 2025"
1145,m62cujh5a2ulhsakobm62cqqrwyerjdd,QW6dZzfA,"Community Peace Perceptions Survey - IEP",,"25 to 44",Female,,3,2,2,4,4,6,2,2,3,,"03 Jun, 2025"
1146,qc3i3bwpzlhykfqqinsuqc3i3bw92rd9,QW6dZzfA,"Community Peace Perceptions Survey - IEP",,"25 to 44",Female,,1,1,6,6,6,5,6,3,3,1,"03 Jun, 2025"
1147,yam3qe4rmcl6fec3h48yam3qe92lfvmr,QW6dZzfA,"Community Peace Perceptions Survey - IEP",,"45 to 64",Female,,4,5,5,4,5,2,5,3,4,2,"03 Jun, 2025"
1148,si6clcn2seuoaibksi6eyv5yem1gv7oj,QW6dZzfA,"Community Peace Perceptions Survey - IEP",,"45 to 64",Male,,5,3,5,5,5,4,6,3,6,6,"03 Jun, 2025"
1149,bld6zb96u8xaykzt9gpy9bld6zb96ug9,QW6dZzfA,"Community Peace Perceptions Survey - IEP",,"45 to 64",Female,,1,1,6,6,6,6,6,1,6,6,"03 Jun, 2025"
1150,v8ik5cidcvrv836du80tw4aorz0l2cxk,QW6dZzfA,"Community Peace Perceptions Survey - IEP",,"18 to 24",Female,,6,6,1,6,6,1,6,1,6,6,"03 Jun, 2025"
1151,1m1ix7gsibj1b5baa8e1m1ix3g7gccji,QW6dZzfA,"Community Peace Perceptions Survey - IEP",,"25 to 44",Female,,3,3,1,3,1,5,5,1,1,1,"03 Jun, 2025"
1152,di82ytq2ze31bt5di82vhcsp8lf75jsp,QW6dZzfA,"Community Peace Perceptions Survey - IEP",,"45 to 64",Female,,4,1,3,5,6,1,6,6,6,6,"03 Jun, 2025"
1153,7ipbi03mhmlluhaticwa07ipbi011x8y,QW6dZzfA,"Community Peace Perceptions Survey - IEP",,"45 to 64",Male,,3,3,3,3,3,3,2,5,3,3,"03 Jun, 2025"
1154,nyoenxw53ls0gvmlqsnyoenrypblrr7k,QW6dZzfA,"Community Peace Perceptions Survey - IEP",,"18 to 24",Female,,1,2,6,1,,,,,,,"03 Jun, 2025"
1155,x11xod4vi4riix11xqxod9u6vjcgbkqx,QW6dZzfA,"Community Peace Perceptions Survey - IEP",,"18 to 24",Female,,5,5,5,5,3,4,3,5,5,,"03 Jun, 2025"
1156,gqdoqbmphr0g9zwiuczgqdoqm7pevpfs,QW6dZzfA,"Community Peace Perceptions Survey - IEP",,"45 to 64",Female,,1,3,1,1,1,6,1,1,,,"03 Jun, 2025"
1157,4r29p0hn8gm1xk5qc4r29p0hyxpt0hhd,QW6dZzfA,"Community Peace Perceptions Survey - IEP",,"25 to 44",Female,,1,4,2,4,6,3,6,3,4,2,"03 Jun, 2025"
1158,sy6ivjqnu7x8864l6jusy6ivjqn5990r,QW6dZzfA,"Community Peace Perceptions Survey - IEP",,"45 to 64",Female,,3,1,2,3,6,6,6,1,5,6,"03 Jun, 2025"
1159,wdnwde5djsgmc3z5p7cjwdnwde5d2uge,QW6dZzfA,"Community Peace Perceptions Survey - IEP",,"25 to 44",Female,,3,4,4,4,6,4,5,3,3,5,"03 Jun, 2025"
1160,v2psksamlpu0ejqkumr9v2pskplxawoa,QW6dZzfA,"Community Peace Perceptions Survey - IEP",,"25 to 44",Female,,4,6,6,6,6,3,6,3,6,5,"03 Jun, 2025"
1161,8xj1g2aobpidvw8s3dy8xj1g9v4j3x8d,QW6dZzfA,"Community Peace Perceptions Survey - IEP",,"18 to 24",Female,,6,6,6,1,6,1,6,3,6,6,"03 Jun, 2025"
1162,08vxgxhmd7y1hghwfu08vxgxxjshiya9,QW6dZzfA,"Community Peace Perceptions Survey - IEP",,"25 to 44",Male,,5,4,6,6,6,1,6,1,4,3,"03 Jun, 2025"
1163,dlf0502gyhqt1wff0u6bt48wodlf0502,QW6dZzfA,"Community Peace Perceptions Survey - IEP",,"45 to 64",Male,,6,1,5,6,5,6,6,1,6,,"03 Jun, 2025"
1164,u849zdmj053n1d93wu849zdmi4anznj8,QW6dZzfA,"Community Peace Perceptions Survey - IEP",,"25 to 44",Female,,3,3,4,5,6,3,6,3,5,6,"03 Jun, 2025"
1165,t3ses0rjst64k7f293iit3ses0z0sdh5,QW6dZzfA,"Community Peace Perceptions Survey - IEP",,"25 to 44",Female,,3,3,4,2,1,4,6,5,5,6,"03 Jun, 2025"
1166,t7w74u55phapted1i4jt7w74u9x1nvb4,QW6dZzfA,"Community Peace Perceptions Survey - IEP",,"25 to 44",Male,,1,2,3,4,6,5,5,1,3,4,"03 Jun, 2025"
1167,vr44b7h8nu1dvr4f3jhiopq77aggwjqt,QW6dZzfA,"Community Peace Perceptions Survey - IEP",,"25 to 44",Male,,4,1,6,6,6,2,6,1,6,6,"03 Jun, 2025"
1168,td3lem9n9d6pp2chbgtd3l5susxjlz8a,QW6dZzfA,"Community Peace Perceptions Survey - IEP",,"18 to 24",Female,,6,6,6,6,6,5,6,,,,"03 Jun, 2025"
1169,nwqb3ezba6ptbss2nwqb3zxgvmgiv69s,QW6dZzfA,"Community Peace Perceptions Survey - IEP",,"18 to 24",Female,,4,3,3,4,6,6,6,1,2,3,"03 Jun, 2025"
1170,1udl9ls04lhp9ad99cr1udl9lan75mzb,QW6dZzfA,"Community Peace Perceptions Survey - IEP",,"25 to 44",Female,,5,4,5,5,6,2,6,5,5,3,"03 Jun, 2025"
1171,xbtt0gx28tcznj0nppzdkssxbtt0gxwn,QW6dZzfA,"Community Peace Perceptions Survey - IEP",,"25 to 44",Male,,1,1,1,3,5,6,4,5,6,6,"03 Jun, 2025"
1172,4hqwn3aofq2by8wd5mwrd4hqwn3d9hca,QW6dZzfA,"Community Peace Perceptions Survey - IEP",,"25 to 44",Male,,6,6,6,6,1,1,5,,,,"03 Jun, 2025"
1173,kna76wzyo0z7ljknaoqkkfeh9durwjzo,QW6dZzfA,"Community Peace Perceptions Survey - IEP",,"45 to 64",Female,,6,1,1,1,6,1,3,1,2,1,"03 Jun, 2025"
1174,54rlfatxu2nu3r4wcmh54rlfa12h0ros,QW6dZzfA,"Community Peace Perceptions Survey - IEP",,"25 to 44",Female,,4,1,3,4,6,6,6,1,4,1,"03 Jun, 2025"
1175,btmqtho32hkwuxn02btmqtho3829ue91,QW6dZzfA,"Community Peace Perceptions Survey - IEP",,"25 to 44",Female,,2,4,5,6,6,1,6,4,6,6,"03 Jun, 2025"
1176,kvye6fv3uqzhiz0t8fh6kvye6se6zm4p,QW6dZzfA,"Community Peace Perceptions Survey - IEP",,"45 to 64",Female,,1,1,1,2,6,1,4,1,3,1,"03 Jun, 2025"
1177,ubm8k4gdusssr9r3ubh2fia0w0v34wl7,QW6dZzfA,"Community Peace Perceptions Survey - IEP",,"25 to 44",Male,,3,2,3,2,5,6,6,1,1,3,"03 Jun, 2025"
1178,p8900hb9i7bqmvhh83p8900hbg3ksyhz,QW6dZzfA,"Community Peace Perceptions Survey - IEP",,"45 to 64",Male,,6,4,4,4,6,6,6,1,1,2,"03 Jun, 2025"
1179,08yz5i1x0u1d1c4n7308yz15qnr0c8q6,QW6dZzfA,"Community Peace Perceptions Survey - IEP",,"25 to 44",Male,,1,1,1,1,6,6,6,1,1,6,"03 Jun, 2025"
1180,ergkvenigml8d6f9g4ergkv794x6qndb,QW6dZzfA,"Community Peace Perceptions Survey - IEP",,"45 to 64",Female,,1,1,3,6,5,6,4,1,5,5,"03 Jun, 2025"
1181,l5xsisj22zhymaysol5xsisjik7fnmq9,QW6dZzfA,"Community Peace Perceptions Survey - IEP",,"25 to 44",Male,,5,4,5,4,4,5,4,4,3,,"03 Jun, 2025"
1182,nrpucqg1rz83wpnrpouravjnhq5hk63b,QW6dZzfA,"Community Peace Perceptions Survey - IEP",,"45 to 64",Male,,4,1,4,5,4,5,2,5,6,,"03 Jun, 2025"
1183,vtq26i5rwczgdw6cvtq2bclmd6mxds4g,QW6dZzfA,"Community Peace Perceptions Survey - IEP",,"45 to 64",Female,,3,4,3,4,5,6,6,2,4,2,"03 Jun, 2025"
1184,yqjveq4segzprq24wtyqjveq4dxkqqsr,QW6dZzfA,"Community Peace Perceptions Survey - IEP",,"25 to 44",Female,,4,1,2,4,3,4,4,2,4,4,"03 Jun, 2025"
1185,srsjzblcyadiltb8pi89srsjzblsi236,QW6dZzfA,"Community Peace Perceptions Survey - IEP",,"25 to 44",Female,,6,6,6,6,6,6,6,6,6,6,"03 Jun, 2025"
1186,ve3mmgd4v3o1rave32zol2asmok09ky5,QW6dZzfA,"Community Peace Perceptions Survey - IEP",,"25 to 44",Male,,3,1,6,3,6,3,6,1,4,6,"03 Jun, 2025"
1187,m9hwh34c99t35yswm9hw3kc5c6r45v1b,QW6dZzfA,"Community Peace Perceptions Survey - IEP",,"25 to 44",Female,,6,6,6,6,6,6,6,6,6,,"03 Jun, 2025"
1188,tga5pnde5259ug82tga5pnwytoh865k5,QW6dZzfA,"Community Peace Perceptions Survey - IEP",,"25 to 44",Male,,6,1,1,1,6,1,1,1,1,1,"03 Jun, 2025"
1189,x1dl2skxs9npj7ldax1dl2ic81anc6hn,QW6dZzfA,"Community Peace Perceptions Survey - IEP",,"18 to 24",Male,,1,1,6,1,6,6,1,1,,,"03 Jun, 2025"
1190,ps8zxumkk2hsgt9e04psw5qi0g4cjomw,QW6dZzfA,"Community Peace Perceptions Survey - IEP",,"25 to 44",Female,,1,1,1,6,6,1,6,6,1,,"03 Jun, 2025"
1191,lpn2n2sp47f9llpnlr5ab3ylssopnavl,QW6dZzfA,"Community Peace Perceptions Survey - IEP",,"25 to 44",Male,,6,6,1,6,6,6,6,1,6,6,"03 Jun, 2025"
1192,xwluw8m7a7h2h3fx7exwluzztlxtpbzw,QW6dZzfA,"Community Peace Perceptions Survey - IEP",,"25 to 44",Female,,5,4,4,6,6,2,6,3,6,5,"03 Jun, 2025"
1193,rqm2n6bcht46lq4jg2lm6zrqm2n6gpyz,QW6dZzfA,"Community Peace Perceptions Survey - IEP",,"25 to 44",Male,,6,3,2,5,2,2,3,1,2,,"03 Jun, 2025"
1194,1athvwm64prb3m1athv092enoy501w4r,QW6dZzfA,"Community Peace Perceptions Survey - IEP",,"25 to 44",Female,,6,1,1,6,1,1,1,6,6,6,"03 Jun, 2025"
1195,yjc2bh07os6kzogdcp874uyjc2bw7xar,QW6dZzfA,"Community Peace Perceptions Survey - IEP",,"25 to 44",Female,,1,3,3,5,3,1,1,5,,,"03 Jun, 2025"
1196,r36ov37vcd5ed6fjitb8w8r36ov31y5k,QW6dZzfA,"Community Peace Perceptions Survey - IEP",,"25 to 44",Female,,5,4,3,5,6,3,6,3,5,5,"03 Jun, 2025"
1197,ql2u2d7bv1p1mhl44ql2392buhasxohk,QW6dZzfA,"Community Peace Perceptions Survey - IEP",,"25 to 44",Male,,5,5,4,3,6,6,6,1,6,6,"03 Jun, 2025"
1198,m5bzjr282508z03m5bzjryoz7lzdhtmn,QW6dZzfA,"Community Peace Perceptions Survey - IEP",,"45 to 64",Female,,2,2,2,3,6,1,6,1,6,6,"03 Jun, 2025"
1199,lu78696e1gf3yz3o5tebg9mrlu7869ke,QW6dZzfA,"Community Peace Perceptions Survey - IEP",,"25 to 44",Female,,2,4,4,4,5,4,5,3,5,4,"03 Jun, 2025"
1200,ycjom6dbf03jml9olqycjl82ii1fzkd3,QW6dZzfA,"Community Peace Perceptions Survey - IEP",,"18 to 24",Male,,2,2,3,4,5,1,6,1,1,1,"03 Jun, 2025"
1201,qvrx4gzmnnp8m9bpiyqvrx4goye6ijth,QW6dZzfA,"Community Peace Perceptions Survey - IEP",,"18 to 24",Female,,6,6,6,5,6,1,6,6,6,6,"03 Jun, 2025"
1202,dtngy607185xe5p8dtdtngy6077v3y7u,QW6dZzfA,"Community Peace Perceptions Survey - IEP",,"25 to 44",Female,,6,6,5,5,6,3,6,4,6,4,"03 Jun, 2025"
1203,m1q0xw0ym3ak0m1q0bpmceho338v8ppj,QW6dZzfA,"Community Peace Perceptions Survey - IEP",,"45 to 64",Female,,1,1,1,1,6,6,6,1,1,6,"03 Jun, 2025"
1204,o7ujn3uzkz5g9wc49z0qlo7ujn6rduea,QW6dZzfA,"Community Peace Perceptions Survey - IEP",,"18 to 24",Female,,6,6,6,6,6,1,6,1,6,6,"03 Jun, 2025"
1205,drws25fxh3xzr99gcfmadrws25yfpym1,QW6dZzfA,"Community Peace Perceptions Survey - IEP",,"25 to 44",Female,,6,1,6,6,1,6,1,6,1,,"03 Jun, 2025"
1206,a2cialtwtlntsltty26k6ia2cialthwo,QW6dZzfA,"Community Peace Perceptions Survey - IEP",,"45 to 64",Male,,3,3,4,4,6,4,6,3,4,6,"03 Jun, 2025"
1207,rjeioqrcjjqf2ighaurjeio4ir24mhya,QW6dZzfA,"Community Peace Perceptions Survey - IEP",,"25 to 44",Female,,4,6,5,6,6,1,6,6,6,5,"03 Jun, 2025"
1208,yzne8vom6z13l77guyzne8vovkrovtsd,QW6dZzfA,"Community Peace Perceptions Survey - IEP",,"25 to 44",Male,,2,3,3,6,2,6,1,6,,,"03 Jun, 2025"
1209,wxagsy6jbdwxaccsezt83nag9nh3lhl7,QW6dZzfA,"Community Peace Perceptions Survey - IEP",,"25 to 44",Female,,6,6,6,6,6,6,6,6,6,,"03 Jun, 2025"
1210,7b82z83oetc96rf4tai7b82zpz94z4y4,QW6dZzfA,"Community Peace Perceptions Survey - IEP",,"25 to 44",Female,,6,6,6,6,6,,,,,,"03 Jun, 2025"
1211,7wyod0refp3tnr7wyokr0ddvkcfmdqdn,QW6dZzfA,"Community Peace Perceptions Survey - IEP",,"45 to 64",Female,,6,1,6,6,6,,,,,,"03 Jun, 2025"
1212,u7yvegvjsyvtvoquky7u7yv2b1wcg2g4,QW6dZzfA,"Community Peace Perceptions Survey - IEP",,"18 to 24",Male,,1,2,5,1,1,4,1,3,,,"03 Jun, 2025"
1213,ggdkjl0mddfmspiyn9kpggdkjlkandtg,QW6dZzfA,"Community Peace Perceptions Survey - IEP",,"25 to 44",Female,,1,2,3,3,6,6,2,1,6,6,"03 Jun, 2025"
1214,wludla8y7gvawludlbbci3qkolx37pwi,QW6dZzfA,"Community Peace Perceptions Survey - IEP",,"25 to 44",Female,,4,4,3,4,1,1,2,5,3,,"03 Jun, 2025"
1215,kw4c8dsm9suqrgyxxknx2vpkw4c8db2s,QW6dZzfA,"Community Peace Perceptions Survey - IEP",,"25 to 44",Female,,,,,,,,,,,,"03 Jun, 2025"
1216,7mj3mbw8zsr6qgodrgv7mj3mbwqwz8qa,QW6dZzfA,"Community Peace Perceptions Survey - IEP",,"25 to 44",Female,,5,4,4,4,5,3,6,3,4,6,"03 Jun, 2025"
1217,kvukyxehoapf9dxevj497kvukyxycx5a,QW6dZzfA,"Community Peace Perceptions Survey - IEP",,"25 to 44",Male,,6,6,6,6,6,6,6,3,6,6,"03 Jun, 2025"
1218,v0vnkwv5dt9uaphilvv0vnkwckt1w8bh,QW6dZzfA,"Community Peace Perceptions Survey - IEP",,"25 to 44",Female,,4,3,2,3,4,3,4,4,5,4,"03 Jun, 2025"
1219,1c5oixr0ivaqg4y3elk1c5oixwdhru6x,QW6dZzfA,"Community Peace Perceptions Survey - IEP",,"25 to 44",Male,,4,4,5,6,6,1,6,3,5,6,"03 Jun, 2025"
1220,1f20qfj07ftv94i1f2x5o4dh229kwbge,QW6dZzfA,"Community Peace Perceptions Survey - IEP",,"25 to 44",Female,,6,6,6,6,5,2,5,4,6,6,"03 Jun, 2025"
1221,recx0h3fpvl5xb33yftrecx0hui5vwlu,QW6dZzfA,"Community Peace Perceptions Survey - IEP",,"18 to 24",Female,,5,6,6,5,6,1,6,6,6,3,"03 Jun, 2025"
1222,m0uiip0navlc7pefv2rrnm0uiilugalx,QW6dZzfA,"Community Peace Perceptions Survey - IEP",,"25 to 44",Female,,1,1,1,2,2,1,1,1,2,1,"03 Jun, 2025"
1223,slz2ehoh0w4z2s0h7x8slz2ecwap1xpd,QW6dZzfA,"Community Peace Perceptions Survey - IEP",,"45 to 64",Male,,3,6,4,4,6,2,5,3,5,6,"03 Jun, 2025"
1224,vrz8qo23haa4jewur69vrz8qo2ltye1r,QW6dZzfA,"Community Peace Perceptions Survey - IEP",,"25 to 44",Female,,5,4,4,5,6,6,1,3,3,,"03 Jun, 2025"
1225,yjtnxqel90at27yj4x0pl2m4rtdz94x0,QW6dZzfA,"Community Peace Perceptions Survey - IEP",,"45 to 64",Male,,4,3,3,5,5,2,5,3,4,4,"03 Jun, 2025"
1226,rsi13q9m8c0754ofwtrsiwrxekplqjwt,QW6dZzfA,"Community Peace Perceptions Survey - IEP",,"45 to 64",Female,,3,3,5,5,6,1,6,1,3,5,"03 Jun, 2025"
1227,15rdncmlzp1mi756y55r15rdncml73g6,QW6dZzfA,"Community Peace Perceptions Survey - IEP",,"25 to 44",Female,,3,3,3,4,6,2,6,4,6,4,"03 Jun, 2025"
1228,2291kjscsennm34v2o4m2291kb2yqa43,QW6dZzfA,"Community Peace Perceptions Survey - IEP",,"45 to 64",Female,,2,2,3,2,4,4,2,2,2,,"03 Jun, 2025"
1229,dlyt4260khn648wdlyt42l59sw15mjkc,QW6dZzfA,"Community Peace Perceptions Survey - IEP",,"45 to 64",Male,,2,3,3,3,6,3,6,1,1,2,"03 Jun, 2025"
1230,s0qy186q7n2zoql7f9ps0qy18kn0zm7k,QW6dZzfA,"Community Peace Perceptions Survey - IEP",,"25 to 44",Female,,4,4,4,5,6,1,4,4,5,,"03 Jun, 2025"
1231,swacvn1y7t6zgivymupe5swacvn1jfsm,QW6dZzfA,"Community Peace Perceptions Survey - IEP",,"45 to 64",Male,,6,4,4,4,6,3,6,4,5,4,"03 Jun, 2025"
1232,2pwzgqt5bgnzjxm52pwzgqsvstrgh19q,QW6dZzfA,"Community Peace Perceptions Survey - IEP",,"25 to 44",Female,,4,4,5,5,6,1,6,4,4,4,"03 Jun, 2025"
1233,bv3wz55kl7ptuow1854szbv3wz347zwt,QW6dZzfA,"Community Peace Perceptions Survey - IEP",,"65 and over",Female,,4,3,5,2,2,6,6,1,4,1,"03 Jun, 2025"
1234,oeyda30w3bqlf98e9oeydadoqb94fvpe,QW6dZzfA,"Community Peace Perceptions Survey - IEP",,"25 to 44",Female,,2,2,1,4,4,3,6,1,2,6,"03 Jun, 2025"
1235,tj5qtemaupjdklbxe0a1tj5qsjciq37m,QW6dZzfA,"Community Peace Perceptions Survey - IEP",,"25 to 44",Male,,6,5,3,6,6,6,3,6,6,,"03 Jun, 2025"
1236,4lfqcdhqidk34voy9r594lfqcr45fdll,QW6dZzfA,"Community Peace Perceptions Survey - IEP",,"25 to 44",Female,,4,2,3,5,6,6,6,1,6,6,"03 Jun, 2025"
1237,ua93z5ad3p9ij6ftl4tua93zjkdg7p9a,QW6dZzfA,"Community Peace Perceptions Survey - IEP",,"25 to 44",Female,,1,2,1,6,5,1,1,,,,"03 Jun, 2025"
1238,wd9ge9tv2ewocmwd9ge9xv3zjtr5r753,QW6dZzfA,"Community Peace Perceptions Survey - IEP",,"18 to 24",Female,,5,6,4,4,6,4,6,6,6,5,"03 Jun, 2025"
1239,g8gzqwr9363hm1g8gz3p9kyrb06ppbqg,QW6dZzfA,"Community Peace Perceptions Survey - IEP",,"45 to 64",Male,,6,3,4,3,3,6,6,1,3,3,"03 Jun, 2025"
1240,h9pjmeahode91noivh9prlxtaq25n809,QW6dZzfA,"Community Peace Perceptions Survey - IEP",,"25 to 44",Male,,2,4,4,3,5,5,5,2,5,4,"03 Jun, 2025"
1241,9ljw7db0vgmweyw9o9ljw7dfa51uqlmo,QW6dZzfA,"Community Peace Perceptions Survey - IEP",,"18 to 24",Male,,6,6,6,6,6,6,6,6,,,"03 Jun, 2025"
1242,s1kqffghdds6p4rs1kqfqtipcrxv7aeq,QW6dZzfA,"Community Peace Perceptions Survey - IEP",,"45 to 64",Male,,3,1,3,3,1,2,4,2,2,,"03 Jun, 2025"
1243,fgsw6kbnxnb1de4mc3xfgsw6kwv2vsmp,QW6dZzfA,"Community Peace Perceptions Survey - IEP",,"25 to 44",Female,,4,3,2,3,5,3,5,4,,,"03 Jun, 2025"
1244,ss9dgs6wwz9f3ss9dnadlilzny19f5do,QW6dZzfA,"Community Peace Perceptions Survey - IEP",,"45 to 64",Male,,4,4,4,5,6,3,5,4,5,5,"03 Jun, 2025"
1245,y4c283z2zsfrt9gdqny4c28iomdmxvx5,QW6dZzfA,"Community Peace Perceptions Survey - IEP",,"45 to 64",Male,,5,1,5,2,6,5,6,1,1,,"03 Jun, 2025"
1246,guphtx24ei61xziqxdguph6qksynjpme,QW6dZzfA,"Community Peace Perceptions Survey - IEP",,"25 to 44",Female,,1,1,1,3,6,1,4,1,6,3,"03 Jun, 2025"
1247,fjgj8mwmdg4mt1uy3fjgjuppfrkhm92k,QW6dZzfA,"Community Peace Perceptions Survey - IEP",,"18 to 24",Female,,,,,,,,,,,,"03 Jun, 2025"
1248,2sjo94boy26o9b1y2sjeh1jk216rjyco,QW6dZzfA,"Community Peace Perceptions Survey - IEP",,"18 to 24",Female,,,,,,,,,,,,"03 Jun, 2025"
1249,935dgan5fhiinzzulpel935dg8k7068n,QW6dZzfA,"Community Peace Perceptions Survey - IEP",,"18 to 24",Female,,2,2,2,3,5,3,4,2,6,,"03 Jun, 2025"
1250,xapprsusc5m6ps7duj5gs8xapprs5ioh,QW6dZzfA,"Community Peace Perceptions Survey - IEP",,"45 to 64",Female,,6,5,5,6,1,1,6,6,,,"03 Jun, 2025"
1251,1fhfyi6rmw11fh9roj4ilf03cpn8g9ro,QW6dZzfA,"Community Peace Perceptions Survey - IEP",,"45 to 64",Male,,5,3,4,4,5,4,5,3,4,5,"03 Jun, 2025"
1252,b1nygc50hnn3dngi17sb1nygcigk89ht,QW6dZzfA,"Community Peace Perceptions Survey - IEP",,"25 to 44",Male,,3,1,3,4,6,6,6,1,3,6,"03 Jun, 2025"
1253,ex14i0mrdxrcjib4mw08ex14i0mchewj,QW6dZzfA,"Community Peace Perceptions Survey - IEP",,"25 to 44",Male,,3,4,4,4,6,6,5,1,4,4,"03 Jun, 2025"
1254,pd08qbwzauzoecgmm7a75i9pd08qbwf4,QW6dZzfA,"Community Peace Perceptions Survey - IEP",,"18 to 24","Prefer not to say",,5,4,3,2,1,2,3,4,5,6,"03 Jun, 2025"
1255,novw80c2dbbtbhjmnovww0kzf1azgr41,QW6dZzfA,"Community Peace Perceptions Survey - IEP",,"25 to 44",Male,,4,4,4,4,4,4,4,4,4,4,"03 Jun, 2025"
1256,niygztmculxujgdmpniyhik578qxlwu9,QW6dZzfA,"Community Peace Perceptions Survey - IEP",,"25 to 44","Prefer not to say",,4,6,4,6,6,4,3,3,3,3,"03 Jun, 2025"
1257,2xn6f6af0vp3zqgnora2xn6f6a2c20ff,QW6dZzfA,"Community Peace Perceptions Survey - IEP",,"Prefer not to say",Female,,4,4,4,4,4,6,6,6,6,6,"03 Jun, 2025"
1258,b3apkk2dybn5lxd7g6pb3apkln2u82wo,QW6dZzfA,"Community Peace Perceptions Survey - IEP",,"18 to 24",Female,,4,4,4,4,4,4,4,4,4,4,"03 Jun, 2025"
1259,k14oyney7hbgu54hm7wsk14oyn1dm2bb,QW6dZzfA,"Community Peace Perceptions Survey - IEP",,"25 to 44",Female,,4,4,4,4,4,4,4,4,4,4,"03 Jun, 2025"
1260,47mkkhhfzpvd41o347mk6moroaeym4ep,QW6dZzfA,"Community Peace Perceptions Survey - IEP",,"18 to 24",Female,,4,6,2,6,6,4,5,5,5,,"03 Jun, 2025"
1261,ltvdl89jocplwatpgnuzltvdl8i3cpli,QW6dZzfA,"Community Peace Perceptions Survey - IEP",,"25 to 44",Female,,4,6,6,6,6,6,6,6,6,6,"03 Jun, 2025"
1262,o1xwb0jpm6ez8zx26wgd4do1xwbu9030,QW6dZzfA,"Community Peace Perceptions Survey - IEP",,"18 to 24",Male,,4,4,4,4,4,4,4,4,4,4,"03 Jun, 2025"
1263,v176bacou8abojtkv221xduz1e522k09,QW6dZzfA,"Community Peace Perceptions Survey - IEP",,"25 to 44","Prefer not to say",,4,4,4,4,4,4,4,4,4,4,"03 Jun, 2025"
1264,kuezoeax5coa0pkuem0gt970qxgelsjt,QW6dZzfA,"Community Peace Perceptions Survey - IEP",,"25 to 44",Female,,4,4,4,4,4,4,4,4,4,4,"03 Jun, 2025"
1265,vzlng68tftwf1fvzlejrwgqixojk4wbq,QW6dZzfA,"Community Peace Perceptions Survey - IEP",,"65 and over",Male,,5,5,5,5,5,5,5,5,5,5,"03 Jun, 2025"
1266,850djpwl1ng286lrqia850djyuq57eoj,QW6dZzfA,"Community Peace Perceptions Survey - IEP",,"18 to 24",Female,,5,5,5,5,5,5,5,5,5,5,"03 Jun, 2025"
1267,3ocbym7sosr116dj6qu824m3ocbym79g,QW6dZzfA,"Community Peace Perceptions Survey - IEP",,"45 to 64",Female,,6,6,2,2,5,5,5,5,5,5,"03 Jun, 2025"
1268,5qnvg3x2ye0kjahn15qn1vud8ari429t,QW6dZzfA,"Community Peace Perceptions Survey - IEP",,"25 to 44",Male,,4,4,4,4,4,4,4,4,4,4,"03 Jun, 2025"
1269,hvcebzjvz5xb6xuk9hvcebtwoza5rgcl,QW6dZzfA,"Community Peace Perceptions Survey - IEP",,"Prefer not to say","Prefer not to say",,5,4,3,2,1,6,4,3,2,1,"03 Jun, 2025"
1270,5ms4a1z9nnaca340s6p5ms4a1zy4og6e,QW6dZzfA,"Community Peace Perceptions Survey - IEP",,"Prefer not to say","Prefer not to say",,5,3,4,6,5,4,2,1,3,5,"03 Jun, 2025"
1271,j6s72fi7pjk3eoi5bj6s7uhtjy7geog6,QW6dZzfA,"Community Peace Perceptions Survey - IEP",,"45 to 64","Prefer not to say",,5,4,2,3,4,6,1,2,3,4,"03 Jun, 2025"
1272,waay7o1vp2zrhqhygwaaykb7imzd85bp,QW6dZzfA,"Community Peace Perceptions Survey - IEP",,"25 to 44",Other,,5,4,3,4,5,5,3,2,3,,"03 Jun, 2025"
1024,5es0so4yk0wfhx2y5esl7f6426jwk8ud,QW6dZzfA,"Community Peace Perceptions Survey - IEP",,"25 to 44",Female,,4,1,4,5,5,5,1,1,5,5,"03 Jun, 2025"
1025,y0p5rofxiemhsdhoy0p5r6mqcls2n8z5,QW6dZzfA,"Community Peace Perceptions Survey - IEP",,"18 to 24",Male,,1,1,1,3,6,1,3,4,1,3,"03 Jun, 2025"
1026,r3n2hi3bvlkdbwobcis2r3n2hiovrb6q,QW6dZzfA,"Community Peace Perceptions Survey - IEP",,"18 to 24",Female,,4,5,2,4,4,1,6,1,3,2,"03 Jun, 2025"
1027,75fnurzflexh6882kcm7475fnurzyjoh,QW6dZzfA,"Community Peace Perceptions Survey - IEP",,"25 to 44",Female,,4,4,5,3,4,3,4,4,3,3,"03 Jun, 2025"
1028,fchekm2gzgjc5u2e4nfchekei5lzgdyd,QW6dZzfA,"Community Peace Perceptions Survey - IEP",,"25 to 44",Female,,5,4,3,6,6,5,6,3,3,3,"03 Jun, 2025"
1029,ov6kqc1rcb8x71ov6wj1y415vmuta9os,QW6dZzfA,"Community Peace Perceptions Survey - IEP",,"18 to 24",Male,,4,6,3,5,5,2,6,2,4,4,"03 Jun, 2025"
1030,oiotjktn9vmzgmy5oiotjd6cgbv5cxhw,QW6dZzfA,"Community Peace Perceptions Survey - IEP",,"25 to 44",Female,,3,3,1,3,3,1,1,2,,,"03 Jun, 2025"
1031,7fi91wnipy4m2v23sz7fi94xvxzlmc2p,QW6dZzfA,"Community Peace Perceptions Survey - IEP",,"45 to 64",Male,,1,1,1,2,3,6,1,1,1,1,"03 Jun, 2025"
1032,755cnct9oj62g09755z8w4r653c94emj,QW6dZzfA,"Community Peace Perceptions Survey - IEP",,"45 to 64",Male,,4,1,3,3,6,4,5,3,4,5,"03 Jun, 2025"
1033,jz6ufml1v9212dxp3jbcz0jz6ufe7r5r,QW6dZzfA,"Community Peace Perceptions Survey - IEP",,"25 to 44",Male,,1,1,1,1,2,6,1,1,1,1,"03 Jun, 2025"
1034,a4x59bmma2ni9rbx1xnma4x59eax0nsf,QW6dZzfA,"Community Peace Perceptions Survey - IEP",,"18 to 24",Female,,3,4,3,5,5,3,6,2,3,5,"03 Jun, 2025"
1035,ljtj2zaa7uk81suw3q6aljtj2zlmc5f0,QW6dZzfA,"Community Peace Perceptions Survey - IEP",,"25 to 44",Female,,1,1,3,5,3,5,6,1,1,1,"03 Jun, 2025"
1036,46kxdbuvr83aqi0b46kxdbuvvkuf3ik6,QW6dZzfA,"Community Peace Perceptions Survey - IEP",,"18 to 24",Male,,1,1,1,2,2,6,1,1,1,1,"03 Jun, 2025"
1037,68spmjmebeswim6lcwgvva68s96cejst,QW6dZzfA,"Community Peace Perceptions Survey - IEP",,"25 to 44",Male,,1,2,3,4,3,6,4,4,3,3,"03 Jun, 2025"
1038,skdisc5hc66m6dd3byqh1cn9wskdisaw,QW6dZzfA,"Community Peace Perceptions Survey - IEP",,"18 to 24",Male,,3,4,5,6,4,6,5,4,4,,"03 Jun, 2025"
1039,vjhuden45cgiq3vk6rpob5vjhudennkq,QW6dZzfA,"Community Peace Perceptions Survey - IEP",,"45 to 64",Male,,1,6,6,6,6,1,6,1,1,6,"03 Jun, 2025"
1040,kffum6ha3kz8efpdkffumy3tg00nonvh,QW6dZzfA,"Community Peace Perceptions Survey - IEP",,"25 to 44",Male,,1,6,6,1,2,2,6,6,,,"03 Jun, 2025"
1041,62kekw414skngrrk0bi63162kekw4wqb,QW6dZzfA,"Community Peace Perceptions Survey - IEP",,"45 to 64",Male,,5,5,6,6,6,6,,,,,"03 Jun, 2025"
1042,tnogezvnb1osdkbftnogksxswjdc7fq4,QW6dZzfA,"Community Peace Perceptions Survey - IEP",,"25 to 44",Female,,6,6,6,6,6,1,6,6,6,,"03 Jun, 2025"
1043,wk5ie6ry2urrkikd3ysgnwk5ie6r5eek,QW6dZzfA,"Community Peace Perceptions Survey - IEP",,"25 to 44",Male,,1,6,6,6,6,1,6,1,3,6,"03 Jun, 2025"
1044,a40i0x98j480jma0ol1ja40i0lmpodxj,QW6dZzfA,"Community Peace Perceptions Survey - IEP",,"25 to 44",Female,,6,1,1,1,1,1,1,1,6,6,"03 Jun, 2025"
1045,59m8ult0a0p59m8esdwcc4q807lcq8es,QW6dZzfA,"Community Peace Perceptions Survey - IEP",,"25 to 44",Female,,6,,,,,,,,,,"03 Jun, 2025"
1046,4pa839kv6ir6ovb2r4pa83980pbpkfuw,QW6dZzfA,"Community Peace Perceptions Survey - IEP",,"25 to 44",Female,,3,6,6,6,2,6,1,3,3,,"03 Jun, 2025"
1047,xnhhx56hqnmptj6gkz89vfhxnhhxk7dq,QW6dZzfA,"Community Peace Perceptions Survey - IEP",,"25 to 44",Female,,6,6,6,6,6,6,6,1,1,1,"03 Jun, 2025"
1048,mxv8xku15ztul6uh50mxv864nmsvbtbo,QW6dZzfA,"Community Peace Perceptions Survey - IEP",,"25 to 44",Female,,6,6,6,6,6,6,,,,,"03 Jun, 2025"
1049,0dazvizo3s5gvlx0dazviyvy5zsyiy6f,QW6dZzfA,"Community Peace Perceptions Survey - IEP",,"45 to 64",Female,,6,6,6,5,3,3,5,6,4,6,"03 Jun, 2025"
1050,ixmvrfcnym54pq3qixm90sjskx66n7ey,QW6dZzfA,"Community Peace Perceptions Survey - IEP",,"18 to 24",Female,,3,5,4,3,5,2,5,2,3,2,"03 Jun, 2025"
1051,nl125hrfms0tttsp2jdnl17xjd130kku,QW6dZzfA,"Community Peace Perceptions Survey - IEP",,"25 to 44",Female,,6,6,4,5,6,5,6,6,,,"03 Jun, 2025"
1052,5rwgmefoaf2lnm5rwgmbeu2t560645nm,QW6dZzfA,"Community Peace Perceptions Survey - IEP",,"25 to 44",Male,,6,5,4,4,5,3,6,4,4,5,"03 Jun, 2025"
1053,1b2o9ghxhawz4f1b2o9gth9321q33orr,QW6dZzfA,"Community Peace Perceptions Survey - IEP",,"18 to 24",Female,,5,5,5,5,6,2,6,2,4,,"03 Jun, 2025"
1054,490cg7u7j60uf70zk27b490cpix4o9mx,QW6dZzfA,"Community Peace Perceptions Survey - IEP",,"25 to 44",Female,,2,2,2,2,5,5,6,1,1,2,"03 Jun, 2025"
1055,j9i3nefxaffhj7v8hrj9i3nefxgbg664,QW6dZzfA,"Community Peace Perceptions Survey - IEP",,"25 to 44",Female,,1,1,1,1,6,1,1,1,1,,"03 Jun, 2025"
1056,hlh49i7kxq04c46cmevhlh49i7kvkv3j,QW6dZzfA,"Community Peace Perceptions Survey - IEP",,"45 to 64",Male,,2,3,3,3,5,5,1,2,2,,"03 Jun, 2025"
1057,iwbgmmeez1tci4qnsiwbgnsrwj92b3ed,QW6dZzfA,"Community Peace Perceptions Survey - IEP",,"45 to 64",Male,,3,3,4,5,5,4,6,3,4,4,"03 Jun, 2025"
1058,wy78e6148jemi0nontywy78e6rnq9nre,QW6dZzfA,"Community Peace Perceptions Survey - IEP",,"25 to 44",Female,,6,6,6,6,6,6,6,6,6,6,"03 Jun, 2025"
1059,07capxrghdb8ewg7y07ct0pwowvi0bnh,QW6dZzfA,"Community Peace Perceptions Survey - IEP",,"25 to 44",Male,,1,1,1,1,1,1,1,1,,,"03 Jun, 2025"
1060,7cors7zy94tore07corh4qn0zbv9eegy,QW6dZzfA,"Community Peace Perceptions Survey - IEP",,"65 and over",Female,,6,1,3,5,6,4,6,1,1,4,"03 Jun, 2025"
1061,gci11g0oiuw59ectz5gci1rq246i2na0,QW6dZzfA,"Community Peace Perceptions Survey - IEP",,"45 to 64",Female,,4,3,4,4,6,5,6,2,2,5,"03 Jun, 2025"
1062,aw1epnym4qxd720c5uyfaw1epnosx7fg,QW6dZzfA,"Community Peace Perceptions Survey - IEP",,"45 to 64",Male,,3,4,3,2,2,2,2,2,6,4,"03 Jun, 2025"
1063,1v5zt2ftq0w3dk8r1v5zthag3ltxmyd1,QW6dZzfA,"Community Peace Perceptions Survey - IEP",,"25 to 44",Female,,1,1,1,6,5,2,4,1,4,6,"03 Jun, 2025"
1064,ubdp1vdhynubdpk6w2npcvz8oe679nxr,QW6dZzfA,"Community Peace Perceptions Survey - IEP",,"25 to 44",Male,,2,6,6,6,6,1,6,1,1,6,"03 Jun, 2025"
1065,oxgnzdb83nupqkboxgnzduovmme44eoj,QW6dZzfA,"Community Peace Perceptions Survey - IEP",,"25 to 44",Male,,4,4,4,4,6,4,6,2,4,3,"03 Jun, 2025"
1066,e7xcfzrw6h794a8rvge7xcfzmbatu4ns,QW6dZzfA,"Community Peace Perceptions Survey - IEP",,"18 to 24",Male,,2,1,3,3,4,4,4,2,1,1,"03 Jun, 2025"
1067,cvgmorkxdei80z6deg2cvgmoim9yahue,QW6dZzfA,"Community Peace Perceptions Survey - IEP",,"25 to 44",Female,,2,1,1,3,4,1,4,1,1,1,"03 Jun, 2025"
1068,n3lee3ebt4dxwn3ljg4sfykp9mrendr5,QW6dZzfA,"Community Peace Perceptions Survey - IEP",,"25 to 44",Female,,1,4,6,6,5,4,6,1,6,3,"03 Jun, 2025"
1069,j92llsphvkt9ay2nj92llsqvtap9tvot,QW6dZzfA,"Community Peace Perceptions Survey - IEP",,"45 to 64",Male,,6,5,6,6,6,2,6,6,6,,"03 Jun, 2025"
1070,2wrp2nrxrdwswa6v72wrp4m974isrpt8,QW6dZzfA,"Community Peace Perceptions Survey - IEP",,"18 to 24",Female,,4,6,5,6,5,4,5,5,4,6,"03 Jun, 2025"
1071,a3o4b1o6pv78my5i88a3o4bukem305bd,QW6dZzfA,"Community Peace Perceptions Survey - IEP",,"45 to 64",Male,,4,5,4,4,5,3,6,2,5,6,"03 Jun, 2025"
1072,plqu5jkn87lbusoh6plqu5mftq9wf6xk,QW6dZzfA,"Community Peace Perceptions Survey - IEP",,"18 to 24",Female,,5,6,3,3,4,2,6,2,4,6,"03 Jun, 2025"
1073,r0at1q431kaib4b35bjrgsr0at1qg38m,QW6dZzfA,"Community Peace Perceptions Survey - IEP",,"65 and over",Male,,3,1,1,1,6,6,6,1,4,1,"03 Jun, 2025"
1074,0kudgfx3kcsxpr0kudsy3j7anv309m7t,QW6dZzfA,"Community Peace Perceptions Survey - IEP",,"45 to 64",Female,,6,6,6,6,6,3,1,1,6,,"03 Jun, 2025"
1075,2qy90ttj404l441699102qy9johpe3lc,QW6dZzfA,"Community Peace Perceptions Survey - IEP",,"18 to 24",Male,,5,4,4,5,6,3,5,4,4,4,"03 Jun, 2025"
1076,443umwxiqq70hu5443umopwejg7jivrg,QW6dZzfA,"Community Peace Perceptions Survey - IEP",,"25 to 44",Female,,6,6,6,6,6,1,6,6,,,"03 Jun, 2025"
1077,knseo3fqpngenfpjbnknseo35fnz508n,QW6dZzfA,"Community Peace Perceptions Survey - IEP",,"25 to 44",Male,,1,1,1,1,6,6,1,1,1,,"03 Jun, 2025"
1078,njsge52modrjinq005injsgex3z85inn,QW6dZzfA,"Community Peace Perceptions Survey - IEP",,"18 to 24",Female,,3,3,4,4,4,3,4,3,3,3,"03 Jun, 2025"
1079,hs5ktz4cfyws7kvgdg6hs5kt82u0rzfh,QW6dZzfA,"Community Peace Perceptions Survey - IEP",,"45 to 64",Male,,4,4,4,3,4,3,2,6,3,4,"03 Jun, 2025"
1080,v2rlf1uqbaij3y9d95xv2rlf1u01ko7s,QW6dZzfA,"Community Peace Perceptions Survey - IEP",,"45 to 64",Female,,4,2,3,3,4,4,4,3,4,,"03 Jun, 2025"
1081,72si9yy7zmdi42ecu8b21ly72si9yyi7,QW6dZzfA,"Community Peace Perceptions Survey - IEP",,"45 to 64",Male,,1,1,1,1,6,4,3,2,2,6,"03 Jun, 2025"
1082,6ue0aehcwwhx3xiewk6ue0ouixdtsefd,QW6dZzfA,"Community Peace Perceptions Survey - IEP",,"45 to 64",Male,,2,4,4,4,5,2,3,1,3,5,"03 Jun, 2025"
1083,rsfeq1wclwbiy4j00z1brsfeq1k4vxca,QW6dZzfA,"Community Peace Perceptions Survey - IEP",,"45 to 64",Female,,1,3,3,4,4,1,4,4,5,,"03 Jun, 2025"
1084,tf92rcn8mmuk471tf92rczx6ach7i9ab,QW6dZzfA,"Community Peace Perceptions Survey - IEP",,"18 to 24",Female,,4,6,4,4,5,4,6,6,4,5,"03 Jun, 2025"
1085,2pvk7wb7humlbb72pvnhx7ujxdr3qrjc,QW6dZzfA,"Community Peace Perceptions Survey - IEP",,"45 to 64",Female,,4,4,5,5,6,2,4,3,5,6,"03 Jun, 2025"
1086,rsh76s4dxn757ejuai8rsh76r6lhf86e,QW6dZzfA,"Community Peace Perceptions Survey - IEP",,"45 to 64",Female,,5,5,4,5,6,1,6,5,6,6,"03 Jun, 2025"
1087,u9w5qiweqgabnphqfuoxu9wr03y16gqz,QW6dZzfA,"Community Peace Perceptions Survey - IEP",,"25 to 44",Female,,1,1,6,6,1,6,1,1,1,,"03 Jun, 2025"
1088,uhnm3245rf5slu1rw6uhnm324ob2uyf9,QW6dZzfA,"Community Peace Perceptions Survey - IEP",,"25 to 44",Female,,6,6,6,6,6,6,6,6,6,6,"03 Jun, 2025"
1089,vqpbngbojlz6tjvqpt6tqlhmbhehzutm,QW6dZzfA,"Community Peace Perceptions Survey - IEP",,"18 to 24",Male,,1,4,4,5,1,3,3,4,3,3,"03 Jun, 2025"
872,1ve0dn5qubwbdgm1ve03c2tt4t4ltqb7,QW6dZzfA,"Community Peace Perceptions Survey - IEP",,"65 and over",Male,,1,1,3,3,6,3,6,1,2,6,"03 Jun, 2025"
873,c7zn3cxjisphkw4u0zxf4c7zntfjb8wx,QW6dZzfA,"Community Peace Perceptions Survey - IEP",,"45 to 64",Male,,6,6,6,6,6,1,6,6,6,6,"03 Jun, 2025"
874,f58k7jmrco7asl0gyy0f58k705a38ui3,QW6dZzfA,"Community Peace Perceptions Survey - IEP",,"25 to 44",Female,,3,5,3,2,6,1,6,6,6,1,"03 Jun, 2025"
875,ynfaieyhflfygd9b0xynfaieyk7psr8i,QW6dZzfA,"Community Peace Perceptions Survey - IEP",,"65 and over",Female,,6,6,6,6,6,5,6,,,,"03 Jun, 2025"
876,i4e4kgwzdn6t75umli4e4tn6eeafp1hu,QW6dZzfA,"Community Peace Perceptions Survey - IEP",,"45 to 64",Male,,6,6,6,1,6,3,6,1,6,,"03 Jun, 2025"
877,99s7g4snm76r5h6qm99s723hl9o925or,QW6dZzfA,"Community Peace Perceptions Survey - IEP",,"25 to 44",Female,,3,2,4,5,5,3,6,1,3,1,"03 Jun, 2025"
878,vsclj4l66jrzvunvscljhk7etrv9mrvq,QW6dZzfA,"Community Peace Perceptions Survey - IEP",,"45 to 64",Female,,6,6,4,1,6,1,1,1,4,5,"03 Jun, 2025"
879,190ecxko3uaqc07oze190ewhc5vb8w62,QW6dZzfA,"Community Peace Perceptions Survey - IEP",,"45 to 64",Male,,6,6,6,6,6,1,6,1,6,6,"03 Jun, 2025"
880,aixhvbz325oaixbdqhmdzcgzj2bdqhmd,QW6dZzfA,"Community Peace Perceptions Survey - IEP",,"45 to 64",Female,,2,2,3,3,5,6,3,1,1,1,"03 Jun, 2025"
881,0vmgp7m3j1rffkppxult0vmgp7muxl7b,QW6dZzfA,"Community Peace Perceptions Survey - IEP",,"25 to 44",Female,,1,2,3,4,6,5,5,1,3,4,"03 Jun, 2025"
882,gi5qhhctew35e88p1vzogi5qhhourdf4,QW6dZzfA,"Community Peace Perceptions Survey - IEP",,"25 to 44",Female,,6,1,1,4,6,3,6,6,2,1,"03 Jun, 2025"
883,vbor6twu1sqau01ka38vborttazzyyfh,QW6dZzfA,"Community Peace Perceptions Survey - IEP",,"18 to 24",Male,,2,3,3,4,6,6,2,4,1,,"03 Jun, 2025"
884,2q9rvr75s5n2128hg42q9rvrr99h6hj1,QW6dZzfA,"Community Peace Perceptions Survey - IEP",,"45 to 64",Male,,3,4,4,5,6,1,5,2,5,6,"03 Jun, 2025"
885,f9ckpysmud3oxla37uf9ckp8bi53rk0m,QW6dZzfA,"Community Peace Perceptions Survey - IEP",,"25 to 44",Male,,1,1,1,3,6,2,4,2,6,4,"03 Jun, 2025"
886,pmu0hqyosq90jipmu0vmo9fusmu5ay3j,QW6dZzfA,"Community Peace Perceptions Survey - IEP",,"25 to 44",Male,,6,3,4,5,6,6,6,4,6,,"03 Jun, 2025"
887,ckbz5hhlzvveszxpckbz51yky7439xx4,QW6dZzfA,"Community Peace Perceptions Survey - IEP",,"25 to 44",Male,,1,2,6,4,6,1,6,1,6,6,"03 Jun, 2025"
888,oiouuvqgtdiiearfl6i3oiouuvqhvyjs,QW6dZzfA,"Community Peace Perceptions Survey - IEP",,"45 to 64",Female,,1,2,3,2,5,6,1,1,3,6,"03 Jun, 2025"
889,t3u3vax5e9qwz205t3u3vamnawddm4yv,QW6dZzfA,"Community Peace Perceptions Survey - IEP",,"25 to 44",Male,,6,1,6,1,1,5,1,1,1,,"03 Jun, 2025"
890,znnot1yhlqr4gyehs3kxznnotgti2ycz,QW6dZzfA,"Community Peace Perceptions Survey - IEP",,"25 to 44",Female,,1,3,3,6,6,6,6,1,5,6,"03 Jun, 2025"
891,3vzleq3emt3na33vzlku8mhvxfa19ryo,QW6dZzfA,"Community Peace Perceptions Survey - IEP",,"25 to 44",Male,,6,4,6,6,6,1,6,2,4,6,"03 Jun, 2025"
892,qn3uah885ethp7a4mqn3mzbzplkj54h9,QW6dZzfA,"Community Peace Perceptions Survey - IEP",,"18 to 24",Male,,6,6,3,3,6,4,6,,,,"03 Jun, 2025"
893,oy15ygvzu8xjs17v7oy15yg8qqe5zji9,QW6dZzfA,"Community Peace Perceptions Survey - IEP",,"45 to 64",Male,,1,1,3,3,1,6,6,1,3,3,"03 Jun, 2025"
894,3mt0ehl81ulup0ci3mt0ehln92hs9v27,QW6dZzfA,"Community Peace Perceptions Survey - IEP",,"45 to 64",Female,,3,2,2,2,3,3,3,2,6,6,"03 Jun, 2025"
895,nxuunhsxnx1y9acd5r5inxuun5i5g99a,QW6dZzfA,"Community Peace Perceptions Survey - IEP",,"45 to 64",Male,,4,4,4,5,6,2,4,2,5,4,"03 Jun, 2025"
896,s0sm6uskf5ebu0dnm0vefs0sm6usk1ju,QW6dZzfA,"Community Peace Perceptions Survey - IEP",,"45 to 64",Male,,1,1,1,1,5,1,5,1,4,4,"03 Jun, 2025"
897,39wr9gtwfl4ee1sxqaeikmsgfp39wr9g,QW6dZzfA,"Community Peace Perceptions Survey - IEP",,"25 to 44",Male,,2,1,2,6,6,4,6,1,6,6,"03 Jun, 2025"
898,0vv1584r7nssayez0lsxeclm0vv15845,QW6dZzfA,"Community Peace Perceptions Survey - IEP",,"18 to 24",Female,,6,6,1,6,6,1,6,1,6,6,"03 Jun, 2025"
899,7t8ah5m34zs4c1ena0rb97t8ah5msjok,QW6dZzfA,"Community Peace Perceptions Survey - IEP",,"45 to 64",Male,,1,1,1,2,3,6,1,1,3,1,"03 Jun, 2025"
900,evqm7o7291pl8b2revqm7bjp9s9boogc,QW6dZzfA,"Community Peace Perceptions Survey - IEP",,"45 to 64",Female,,2,3,4,5,3,5,5,3,5,5,"03 Jun, 2025"
901,clggdjsswfco65w1ulclggddt2xpvndp,QW6dZzfA,"Community Peace Perceptions Survey - IEP",,"25 to 44",Female,,3,5,4,6,6,6,4,1,4,6,"03 Jun, 2025"
902,p0uid7gcksj95fwf3fpp0uidapmka87a,QW6dZzfA,"Community Peace Perceptions Survey - IEP",,"25 to 44",Male,,3,3,4,6,6,1,6,1,4,6,"03 Jun, 2025"
903,o3r3e71w2dficadq1o3r3e7ap0rk2xzu,QW6dZzfA,"Community Peace Perceptions Survey - IEP",,"45 to 64",Male,,5,3,4,5,6,1,6,3,5,5,"03 Jun, 2025"
904,2oly9ahn09gbm5b92oly9xf66pbgk2eh,QW6dZzfA,"Community Peace Perceptions Survey - IEP",,"25 to 44",Male,,6,6,6,1,6,6,3,6,6,,"03 Jun, 2025"
905,oilu6rjlxo9z204utoilz13mf1q7o7ns,QW6dZzfA,"Community Peace Perceptions Survey - IEP",,"45 to 64",Female,,6,5,4,5,6,2,5,3,4,5,"03 Jun, 2025"
906,sugfkkdykogy85sjevsugfkthooz5r2x,QW6dZzfA,"Community Peace Perceptions Survey - IEP",,"18 to 24",Male,,6,,,,,,,,,,"03 Jun, 2025"
907,q5w6uanfahitu37s4culcq5w6uanfquk,QW6dZzfA,"Community Peace Perceptions Survey - IEP",,"18 to 24",Female,,1,1,1,1,6,1,6,1,1,,"03 Jun, 2025"
908,1f9jgjxxy5awhjawj1f67td09hpg7tch,QW6dZzfA,"Community Peace Perceptions Survey - IEP",,"25 to 44",Male,,6,6,5,4,6,1,6,4,4,6,"03 Jun, 2025"
909,axk450p2wpd3o91c3w8iouaxk450porj,QW6dZzfA,"Community Peace Perceptions Survey - IEP",,"45 to 64",Female,,1,1,3,4,5,6,5,1,1,2,"03 Jun, 2025"
910,n6jl6r9nbbs7m4wczgxn6jl6rr4tbajs,QW6dZzfA,"Community Peace Perceptions Survey - IEP",,"45 to 64",Male,,3,3,4,4,6,3,3,2,5,4,"03 Jun, 2025"
911,jh97khjebkrr0vduot2jh974p2j5yhe1,QW6dZzfA,"Community Peace Perceptions Survey - IEP",,"45 to 64",Male,,3,3,3,4,4,6,3,3,3,3,"03 Jun, 2025"
912,j05lnmoc7837zhxf005kj05lnmn1w3j2,QW6dZzfA,"Community Peace Perceptions Survey - IEP",,"45 to 64",Female,,2,2,2,2,1,1,4,1,3,6,"03 Jun, 2025"
913,02e0mk4w3zelouymw902e0dlh2cj80ci,QW6dZzfA,"Community Peace Perceptions Survey - IEP",,"25 to 44",Female,,2,4,6,6,3,2,5,4,,,"03 Jun, 2025"
914,pe8x2kmrzeuzt3ruvu8n8pe8x2kmuksh,QW6dZzfA,"Community Peace Perceptions Survey - IEP",,"45 to 64",Male,,3,2,3,3,5,3,4,2,4,3,"03 Jun, 2025"
915,a9fwcq4jskdxfsrjqca9fwcbfwdfz6ps,QW6dZzfA,"Community Peace Perceptions Survey - IEP",,"45 to 64",Male,,3,4,2,4,6,5,3,1,5,6,"03 Jun, 2025"
916,tcfoalowivk7d3n49dtcfoaltphnqks3,QW6dZzfA,"Community Peace Perceptions Survey - IEP",,"45 to 64",Female,,5,5,5,6,6,6,3,5,,,"03 Jun, 2025"
917,hja02s3w1p917u38ha5qhja02j7lr0os,QW6dZzfA,"Community Peace Perceptions Survey - IEP",,"25 to 44",Male,,6,1,6,6,1,1,1,1,6,6,"03 Jun, 2025"
918,v94uibypliabuwn0n32dv94uibyqnw7g,QW6dZzfA,"Community Peace Perceptions Survey - IEP",,"25 to 44",Female,,3,3,3,6,1,2,,,,,"03 Jun, 2025"
919,73ymvx3swt34zrwmid73ymvx3wa7zrkh,QW6dZzfA,"Community Peace Perceptions Survey - IEP",,"25 to 44",Female,,2,1,2,3,5,4,4,2,3,4,"03 Jun, 2025"
920,9wu1h5o5aqshb4s36wxj546w9wu1h55a,QW6dZzfA,"Community Peace Perceptions Survey - IEP",,"45 to 64",Female,,2,4,4,5,6,6,5,4,4,5,"03 Jun, 2025"
921,6iu9jzqzqrplz3c6wl16iain6iu9jzqy,QW6dZzfA,"Community Peace Perceptions Survey - IEP",,"45 to 64",Female,,1,3,4,4,5,6,4,2,3,2,"03 Jun, 2025"
922,cnczb8cc45wf99vf2lcnczblfjt2bfc1,QW6dZzfA,"Community Peace Perceptions Survey - IEP",,"25 to 44",Female,,5,6,6,5,6,1,5,4,5,6,"03 Jun, 2025"
923,oywqf8bvri0ysn7oywqfo4cbd8jqyss7,QW6dZzfA,"Community Peace Perceptions Survey - IEP",,"45 to 64",Male,,2,2,4,3,6,5,6,1,4,4,"03 Jun, 2025"
924,hw91tm2whe9bm2z48aay6up7hw91tm2d,QW6dZzfA,"Community Peace Perceptions Survey - IEP",,"25 to 44",Male,,3,3,3,4,4,4,3,2,4,5,"03 Jun, 2025"
925,ybftkzy2dwfmbuwfybftknwdog7hjer1,QW6dZzfA,"Community Peace Perceptions Survey - IEP",,"25 to 44",Female,,4,5,5,6,3,6,3,5,5,,"03 Jun, 2025"
926,9vc88x6rhoyaro9vc89lvoaqbo252f9l,QW6dZzfA,"Community Peace Perceptions Survey - IEP",,"45 to 64",Female,,6,6,6,3,6,4,6,4,3,3,"03 Jun, 2025"
927,8kpfkpjq7oaq3qu48mk8y8kpfkpuf73r,QW6dZzfA,"Community Peace Perceptions Survey - IEP",,"45 to 64",Female,,1,2,3,5,6,6,6,2,3,4,"03 Jun, 2025"
928,0cndh82nc6x3yem0cndh88x8dyw39tua,QW6dZzfA,"Community Peace Perceptions Survey - IEP",,"25 to 44",Male,,4,6,6,6,6,5,6,2,4,6,"03 Jun, 2025"
929,5wqrm5ygx8ma2t2kqioti0y765wqrm5y,QW6dZzfA,"Community Peace Perceptions Survey - IEP",,"25 to 44",Female,,6,5,4,5,6,2,6,4,5,5,"03 Jun, 2025"
930,mjl31ua6wywp7amp46gmjl3vjjmzh4wl,QW6dZzfA,"Community Peace Perceptions Survey - IEP",,"45 to 64",Male,,1,1,1,1,6,1,6,1,1,6,"03 Jun, 2025"
931,rw4m2541p9cocabrw4m2ubdnwn498d1p,QW6dZzfA,"Community Peace Perceptions Survey - IEP",,"25 to 44",Female,,4,4,3,4,6,4,5,1,3,5,"03 Jun, 2025"
932,u9p49eywgh4stc6xkdju9p49ektakevc,QW6dZzfA,"Community Peace Perceptions Survey - IEP",,"25 to 44",Male,,3,3,3,3,3,3,3,,,,"03 Jun, 2025"
933,7e0ahh9muqr7li1ycvami7e0ahhydwxz,QW6dZzfA,"Community Peace Perceptions Survey - IEP",,"25 to 44",Male,,4,2,3,3,6,4,4,3,3,5,"03 Jun, 2025"
934,q3jmu37makgg4up2sq3jmiqh6l2nlkj4,QW6dZzfA,"Community Peace Perceptions Survey - IEP",,"25 to 44",Male,,3,1,2,3,3,3,1,2,3,,"03 Jun, 2025"
935,8nk6awam7850u9ryybce8nkah9m1uxf9,QW6dZzfA,"Community Peace Perceptions Survey - IEP",,"25 to 44",Male,,4,5,5,4,5,3,5,4,4,6,"03 Jun, 2025"
936,sv2rfl0tvobsm60nbxsv2rf6s1bywl6t,QW6dZzfA,"Community Peace Perceptions Survey - IEP",,"18 to 24",Female,,3,3,3,1,3,4,3,4,3,3,"03 Jun, 2025"
937,dnl6z1g5h3fxa3xrdnl6uotpsups5wlp,QW6dZzfA,"Community Peace Perceptions Survey - IEP",,"25 to 44",Female,,2,1,2,4,6,4,3,1,5,,"03 Jun, 2025"
938,dj5apih1miy53lgopqdj5apow93g63xu,QW6dZzfA,"Community Peace Perceptions Survey - IEP",,"25 to 44",Female,,4,4,4,5,5,5,4,2,2,4,"03 Jun, 2025"
939,p6zfq5ytyq0te3wpp6zfxhmti94sejhn,QW6dZzfA,"Community Peace Perceptions Survey - IEP",,"45 to 64",Male,,6,5,5,6,5,5,3,4,4,,"03 Jun, 2025"
940,yeaaht2wv18vrkh7i3yea4a9nkyupqe2,QW6dZzfA,"Community Peace Perceptions Survey - IEP",,"45 to 64",Female,,4,4,4,4,6,4,6,3,4,6,"03 Jun, 2025"
941,5inm7a9docwls1ipcphg505inm7a79wr,QW6dZzfA,"Community Peace Perceptions Survey - IEP",,"25 to 44",Female,,2,3,3,3,4,6,6,3,3,3,"03 Jun, 2025"
942,9axkyq69bc7o2zsfdy9axkysjzph09xr,QW6dZzfA,"Community Peace Perceptions Survey - IEP",,"45 to 64",Female,,3,3,3,3,4,3,2,2,3,5,"03 Jun, 2025"
943,u0hddb7uy3rsiyd8uo9u0hdkp23uksn0,QW6dZzfA,"Community Peace Perceptions Survey - IEP",,"45 to 64",Male,,5,4,4,5,5,4,5,3,5,1,"03 Jun, 2025"
944,av8n6d7p7u9lk88w3av84fnpnvwz0duk,QW6dZzfA,"Community Peace Perceptions Survey - IEP",,"45 to 64",Female,,1,5,6,5,6,3,4,1,5,6,"03 Jun, 2025"
945,6mdwz4q4laerrn56md8udnlbkwabdm91,QW6dZzfA,"Community Peace Perceptions Survey - IEP",,"45 to 64",Male,,1,1,1,2,6,1,3,2,,,"03 Jun, 2025"
946,j0u11stzgiib7hbx4yj0u11j8lk9ii0d,QW6dZzfA,"Community Peace Perceptions Survey - IEP",,"18 to 24",Male,,3,2,4,4,5,3,6,1,5,2,"03 Jun, 2025"
947,8o8m6qjy44zprua68v8o8m6lszb9w9x2,QW6dZzfA,"Community Peace Perceptions Survey - IEP",,"45 to 64",Male,,4,4,4,4,4,2,4,3,4,6,"03 Jun, 2025"
948,iodcipdub0rnfcrr727fiodcipd47ksh,QW6dZzfA,"Community Peace Perceptions Survey - IEP",,"25 to 44",Male,,3,3,3,4,6,4,4,2,4,4,"03 Jun, 2025"
949,aj20ryqw9xxpryr3f7npaj20ryqwb6in,QW6dZzfA,"Community Peace Perceptions Survey - IEP",,"25 to 44",Male,,3,3,3,4,6,4,4,2,3,4,"03 Jun, 2025"
950,d9iqzlz3q4itud9iqzl927u0qxh5lxll,QW6dZzfA,"Community Peace Perceptions Survey - IEP",,"25 to 44",Female,,6,1,6,6,6,6,1,1,6,6,"03 Jun, 2025"
951,xp2sbo12zog608fubvxp2sbo16vb5ywk,QW6dZzfA,"Community Peace Perceptions Survey - IEP",,"18 to 24",Male,,3,5,4,3,1,4,3,5,,,"03 Jun, 2025"
952,585pgfjspmvlyjkp4585pgiim8rnso41,QW6dZzfA,"Community Peace Perceptions Survey - IEP",,"18 to 24",Male,,,,,,,,,,,,"03 Jun, 2025"
953,1xsdmaojr4kwrt5ery9njn1xsdmahmop,QW6dZzfA,"Community Peace Perceptions Survey - IEP",,"25 to 44",Female,,1,3,1,4,3,3,3,3,4,,"03 Jun, 2025"
954,0jbifxjyzbnonp0jbifiotn78ywtcclq,QW6dZzfA,"Community Peace Perceptions Survey - IEP",,"25 to 44",Female,,4,3,5,6,6,4,4,1,5,6,"03 Jun, 2025"
955,yw4gh15j7juqhk80reyw4ghlftv02w4u,QW6dZzfA,"Community Peace Perceptions Survey - IEP",,"25 to 44",Female,,6,6,6,6,6,1,6,6,6,6,"03 Jun, 2025"
956,qemd04hyrcepfa94jqemds73m5kc0tyz,QW6dZzfA,"Community Peace Perceptions Survey - IEP",,"18 to 24",Male,,4,1,3,4,5,6,3,1,3,,"03 Jun, 2025"
957,cp8170whpg63q1cp811l1h9skv76hap7,QW6dZzfA,"Community Peace Perceptions Survey - IEP",,"18 to 24",Male,,5,1,6,6,6,1,5,6,,,"03 Jun, 2025"
958,gy3pma7o2kgy1kdgv8fyhnhz3defbe2a,QW6dZzfA,"Community Peace Perceptions Survey - IEP",,"25 to 44",Male,,1,2,4,6,6,1,1,4,6,,"03 Jun, 2025"
959,u08ljnwc0w3jdmhhku08ljnanr8bs3q2,QW6dZzfA,"Community Peace Perceptions Survey - IEP",,"25 to 44",Male,,3,1,2,3,6,4,6,1,4,5,"03 Jun, 2025"
960,wckkzqh07m7anhy9wckkzqbrjz5852yv,QW6dZzfA,"Community Peace Perceptions Survey - IEP",,"25 to 44",Female,,6,6,6,6,6,6,6,6,6,6,"03 Jun, 2025"
961,9p1i29mfbgsus1g2issl9p1l0ap8dhgo,QW6dZzfA,"Community Peace Perceptions Survey - IEP",,"18 to 24",Male,,1,1,1,3,3,3,5,6,,,"03 Jun, 2025"
962,jkyf6x5q6pdwvull11pmtms6jkyf6x5q,QW6dZzfA,"Community Peace Perceptions Survey - IEP",,"25 to 44",Male,,2,4,3,6,4,6,4,5,6,,"03 Jun, 2025"
963,d88mftokcgiwgbpatbivvs5d88mfto7u,QW6dZzfA,"Community Peace Perceptions Survey - IEP",,"45 to 64",Male,,3,3,2,4,6,6,6,3,2,1,"03 Jun, 2025"
964,zdr0c2ubfuphve8n56mzdr0c2rxoti3i,QW6dZzfA,"Community Peace Perceptions Survey - IEP",,"18 to 24",Male,,5,5,5,5,6,5,3,1,1,1,"03 Jun, 2025"
965,bfrfdobwg24xnqv8ewbfrfvv4wx5q25k,QW6dZzfA,"Community Peace Perceptions Survey - IEP",,"25 to 44",Female,,6,6,6,6,6,3,6,4,6,6,"03 Jun, 2025"
966,i6iiioqhnjw2pntyci6iiioslcfke9gg,QW6dZzfA,"Community Peace Perceptions Survey - IEP",,"25 to 44",Female,,6,6,6,6,6,1,6,4,6,6,"03 Jun, 2025"
967,pr71zfwql4swjmp2l8cpr71hz4ziuggl,QW6dZzfA,"Community Peace Perceptions Survey - IEP",,"25 to 44",Male,,4,2,3,5,6,3,6,2,5,6,"03 Jun, 2025"
968,u2wq0zpwgo2yg2u2wq0z753kr7fyx9fx,QW6dZzfA,"Community Peace Perceptions Survey - IEP",,"18 to 24",Male,,3,3,5,4,4,1,6,3,4,6,"03 Jun, 2025"
969,z4ked4cr4g1yyt1n3z4kedue48ja0kdz,QW6dZzfA,"Community Peace Perceptions Survey - IEP",,"25 to 44",Male,,5,4,3,5,4,4,,,,,"03 Jun, 2025"
970,tmoufb32zvxbw9w2atmouef9oui9iapk,QW6dZzfA,"Community Peace Perceptions Survey - IEP",,"25 to 44",Female,,6,6,5,6,2,6,5,6,5,6,"03 Jun, 2025"
971,9kww16tfbya8tszp6n39kww16t45qgkg,QW6dZzfA,"Community Peace Perceptions Survey - IEP",,"25 to 44",Female,,2,3,3,3,5,5,3,3,,,"03 Jun, 2025"
972,2lg6dydzmo4s7isjlv2lg6dy8bur1e39,QW6dZzfA,"Community Peace Perceptions Survey - IEP",,"25 to 44",Male,,3,3,4,5,4,6,6,1,2,1,"03 Jun, 2025"
973,w1h2y4d6aaks6xh6bvw1h2f1wn8tiqj9,QW6dZzfA,"Community Peace Perceptions Survey - IEP",,"45 to 64",Female,,4,4,4,5,6,4,6,2,4,6,"03 Jun, 2025"
974,h6ts82igxykn79anj6h6ts4srvle3d1x,QW6dZzfA,"Community Peace Perceptions Survey - IEP",,"25 to 44",Female,,1,3,2,6,2,6,3,6,,,"03 Jun, 2025"
975,223k3wwweykds97223k3i9h1txl1izj8,QW6dZzfA,"Community Peace Perceptions Survey - IEP",,"25 to 44",Female,,1,3,1,2,6,1,6,3,2,6,"03 Jun, 2025"
976,b2lguakwxjtnaiwjflb2lgucyc23d0bv,QW6dZzfA,"Community Peace Perceptions Survey - IEP",,"25 to 44",Male,,1,2,2,2,1,6,1,1,1,2,"03 Jun, 2025"
977,gsiy5dco2m1p8jayq42fgsiy5dzyyg7x,QW6dZzfA,"Community Peace Perceptions Survey - IEP",,"45 to 64",Male,,5,4,4,6,5,5,4,6,6,,"03 Jun, 2025"
978,323o9h84sic6jx9323umkxkqal9h2m9n,QW6dZzfA,"Community Peace Perceptions Survey - IEP",,"25 to 44",Male,,6,3,5,4,5,3,5,4,5,4,"03 Jun, 2025"
979,t8lk0eaocbxt2nwhwt8lkfrduvdl5lxv,QW6dZzfA,"Community Peace Perceptions Survey - IEP",,"25 to 44",Male,,5,4,4,4,4,4,4,,,,"03 Jun, 2025"
980,czy81cf63fx2xk2cfvhczy81cfttufqe,QW6dZzfA,"Community Peace Perceptions Survey - IEP",,"25 to 44",Male,,1,1,2,1,2,5,1,1,1,1,"03 Jun, 2025"
981,d2ltc2dwwlp0401rb0g3j3d2ltc0a0r5,QW6dZzfA,"Community Peace Perceptions Survey - IEP",,"25 to 44",Female,,4,4,5,5,6,4,6,4,5,6,"03 Jun, 2025"
982,4ubddyo9bakvwspq4ubdm1j8ppkmcxcr,QW6dZzfA,"Community Peace Perceptions Survey - IEP",,"45 to 64",Female,,1,1,1,2,6,1,6,1,6,6,"03 Jun, 2025"
983,xyv081rrlujttu58lpgixyv0t4aji4xp,QW6dZzfA,"Community Peace Perceptions Survey - IEP",,"25 to 44",Male,,4,5,3,6,6,2,4,3,4,,"03 Jun, 2025"
984,buus94raqasi0i3rebuus9hhj3tlgr8g,QW6dZzfA,"Community Peace Perceptions Survey - IEP",,"25 to 44",Male,,6,1,1,1,3,6,2,1,1,,"03 Jun, 2025"
985,7p3rquqhi53ujtdlkcrcj87p3rquf23b,QW6dZzfA,"Community Peace Perceptions Survey - IEP",,"18 to 24",Male,,4,6,5,5,5,4,5,3,4,3,"03 Jun, 2025"
986,ocodxcs7vqssgtarnzj0sw5tocodxcs8,QW6dZzfA,"Community Peace Perceptions Survey - IEP",,"45 to 64",Female,,4,4,4,4,5,4,5,3,3,3,"03 Jun, 2025"
987,93ua0ysnociziodh1nfb93ua0ysd9p6o,QW6dZzfA,"Community Peace Perceptions Survey - IEP",,"25 to 44",Male,,1,1,1,2,2,1,2,1,2,2,"03 Jun, 2025"
988,38jlnn2q61l519txwqu038jlnnyd7mpg,QW6dZzfA,"Community Peace Perceptions Survey - IEP",,"25 to 44",Male,,6,6,6,6,6,6,6,6,,,"03 Jun, 2025"
989,1bwhjezmn02nwv6ki5faj1bwhjezclri,QW6dZzfA,"Community Peace Perceptions Survey - IEP",,"45 to 64",Female,,4,3,4,4,5,5,6,3,4,,"03 Jun, 2025"
990,kmtcxf6uozevrqyv9xiqkmtcxf6fhhs9,QW6dZzfA,"Community Peace Perceptions Survey - IEP",,"45 to 64",Male,,6,6,6,6,6,1,6,1,6,6,"03 Jun, 2025"
991,gxenqwlqf41030h6gxe366bdib74er8z,QW6dZzfA,"Community Peace Perceptions Survey - IEP",,"45 to 64",Male,,2,5,2,3,4,3,4,2,3,5,"03 Jun, 2025"
992,ow11ct6si9ek17zkcngow11jjjvh4a4j,QW6dZzfA,"Community Peace Perceptions Survey - IEP",,"45 to 64",Female,,6,5,5,6,3,4,5,4,6,6,"03 Jun, 2025"
993,sbacs9ck3576pd6ch95gvsbacs9cd6ql,QW6dZzfA,"Community Peace Perceptions Survey - IEP",,"25 to 44",Female,,1,1,2,4,6,5,5,1,2,6,"03 Jun, 2025"
994,p80pvde6jzct1utq3p80pvqguxscii9w,QW6dZzfA,"Community Peace Perceptions Survey - IEP",,"25 to 44",Female,,6,6,6,6,6,2,6,5,5,6,"03 Jun, 2025"
995,bfss5hsw2ll4rvnwj2yi9ibfss5hid1e,QW6dZzfA,"Community Peace Perceptions Survey - IEP",,"25 to 44",Female,,4,4,4,6,2,6,3,3,4,,"03 Jun, 2025"
996,camq88h16ve0zvd4lir8ltcamq88ug92,QW6dZzfA,"Community Peace Perceptions Survey - IEP",,"25 to 44",Female,,3,5,4,4,4,3,4,3,4,,"03 Jun, 2025"
997,pfojyf7tl44u6bpvjnpfojyh1jawb830,QW6dZzfA,"Community Peace Perceptions Survey - IEP",,"18 to 24",Female,,6,4,4,5,2,4,3,3,,,"03 Jun, 2025"
998,py04xxllgavr7mcupy04x65o6lwe7uhw,QW6dZzfA,"Community Peace Perceptions Survey - IEP",,"18 to 24",Female,,2,1,1,4,2,2,3,1,1,1,"03 Jun, 2025"
999,8egkrcsfn9nj5pg7s8egkuj1nazmhrmg,QW6dZzfA,"Community Peace Perceptions Survey - IEP",,"45 to 64",Male,,4,5,5,4,6,4,6,5,4,2,"03 Jun, 2025"
1000,edfz95k983syvbh6znedfz9pq24ulc91,QW6dZzfA,"Community Peace Perceptions Survey - IEP",,"18 to 24",Female,,6,5,5,5,6,2,6,3,4,6,"03 Jun, 2025"
1001,wdtf1u7es12asqk2wdtf1t34vprsmx9a,QW6dZzfA,"Community Peace Perceptions Survey - IEP",,"25 to 44",Female,,2,2,3,3,6,6,1,1,5,,"03 Jun, 2025"
1002,4k8myry6i56cyryvi4k8j7rry0k411kw,QW6dZzfA,"Community Peace Perceptions Survey - IEP",,"25 to 44",Female,,3,1,2,3,6,5,4,1,2,2,"03 Jun, 2025"
1003,anmtw3fzylaewicqxmanmtcon48a4kj1,QW6dZzfA,"Community Peace Perceptions Survey - IEP",,"45 to 64",Female,,2,2,3,4,4,6,3,2,3,,"03 Jun, 2025"
1004,mri34bj7bnijkgapbmgagwlmri34b83o,QW6dZzfA,"Community Peace Perceptions Survey - IEP",,"25 to 44",Male,,3,1,2,3,4,6,5,2,3,3,"03 Jun, 2025"
1005,msvvd3jegqtw5dmsvvdwyhc3as321zl9,QW6dZzfA,"Community Peace Perceptions Survey - IEP",,"25 to 44",Female,,6,2,3,6,6,1,1,1,6,6,"03 Jun, 2025"
1006,7v7py7kx4kh543aorkyrs7v7pyff7nxb,QW6dZzfA,"Community Peace Perceptions Survey - IEP",,"25 to 44",Female,,6,6,6,6,6,4,4,3,6,6,"03 Jun, 2025"
1007,zafahu7ng39ung0r0qzafahe70vkjh5n,QW6dZzfA,"Community Peace Perceptions Survey - IEP",,"45 to 64",Male,,4,2,4,5,4,2,5,3,3,4,"03 Jun, 2025"
1008,fubvynj5wa2pr8loxdfubvyni1naqq6u,QW6dZzfA,"Community Peace Perceptions Survey - IEP",,"18 to 24",Other,,1,3,3,3,6,3,6,3,3,3,"03 Jun, 2025"
1009,bm5k0w5hrk0r4vp1tbmwya77vve8ws2r,QW6dZzfA,"Community Peace Perceptions Survey - IEP",,"45 to 64",Male,,4,3,4,5,6,3,3,3,3,3,"03 Jun, 2025"
1010,9uvvdzura37hpo9uv9i89860zfoikx8u,QW6dZzfA,"Community Peace Perceptions Survey - IEP",,"18 to 24",Male,,3,4,3,2,1,1,1,1,2,2,"03 Jun, 2025"
1011,zs4xnqapfk76f0d94kuzs4xnqi7qafb8,QW6dZzfA,"Community Peace Perceptions Survey - IEP",,"45 to 64",Female,,1,3,4,4,5,3,4,1,4,5,"03 Jun, 2025"
1012,wv8hzurnmf68t1ganl9bkwv8hzur0j2j,QW6dZzfA,"Community Peace Perceptions Survey - IEP",,"25 to 44",Female,,2,2,2,5,6,5,1,1,4,5,"03 Jun, 2025"
1013,7qa9pa8noe0wim7ydfve7qa9pa8yv7ym,QW6dZzfA,"Community Peace Perceptions Survey - IEP",,"25 to 44",Female,,2,1,1,2,4,1,5,3,5,1,"03 Jun, 2025"
1014,nymy7suje4xtwl3nymy7hpl3pr79gyme,QW6dZzfA,"Community Peace Perceptions Survey - IEP",,"25 to 44",Female,,6,5,6,5,6,4,6,2,3,3,"03 Jun, 2025"
1015,mztn8kuoe9d93vqumztn88cafvnuecp5,QW6dZzfA,"Community Peace Perceptions Survey - IEP",,"18 to 24",Male,,5,5,5,5,6,1,1,1,6,6,"03 Jun, 2025"
1016,4cr1rwbnrn5yvyql4cr1rw7iwrthiocu,QW6dZzfA,"Community Peace Perceptions Survey - IEP",,"18 to 24",Male,,3,2,4,3,4,1,6,1,5,5,"03 Jun, 2025"
1017,fk5gx1ej049eogptdcfk5gx1ezoc430s,QW6dZzfA,"Community Peace Perceptions Survey - IEP",,"25 to 44",Male,,3,3,3,4,2,3,6,2,6,6,"03 Jun, 2025"
1018,nc1tn7bbfzapgijj5h1nc1tn72i4katu,QW6dZzfA,"Community Peace Perceptions Survey - IEP",,"45 to 64",Male,,6,4,5,4,2,4,4,,,,"03 Jun, 2025"
1019,ka2mzipjpbt7ppka2mgf8whcncg2j2f9,QW6dZzfA,"Community Peace Perceptions Survey - IEP",,"25 to 44",Male,,1,1,4,5,5,2,4,1,1,1,"03 Jun, 2025"
1020,6p0abx8cedgljlu68fqvd6p0abp2lsel,QW6dZzfA,"Community Peace Perceptions Survey - IEP",,"25 to 44",Male,,,,,,,,,,,,"03 Jun, 2025"
1021,1wbeu2imks16dxz8awf1kox1wbeu2imk,QW6dZzfA,"Community Peace Perceptions Survey - IEP",,"25 to 44",Female,,1,4,4,4,4,3,3,2,2,2,"03 Jun, 2025"
1022,kvu4xpe5majqo212zkvu4xpzcg7nfg7p,QW6dZzfA,"Community Peace Perceptions Survey - IEP",,"25 to 44",Female,,2,2,2,4,2,5,6,1,5,6,"03 Jun, 2025"
1023,x4o0tfx7e0nig1gj59gfx4o0tzb7wrxk,QW6dZzfA,"Community Peace Perceptions Survey - IEP",,"25 to 44",Female,,6,6,6,6,6,1,6,1,6,,"03 Jun, 2025"
768,ond4fgklzi4sirondbc2ijrjlycjcz73,QW6dZzfA,"Community Peace Perceptions Survey - IEP",,"45 to 64",Male,,5,6,5,5,6,4,5,4,5,6,"03 Jun, 2025"
769,gise1gsv6xz60baucgiu4ojf6ahxoz75,QW6dZzfA,"Community Peace Perceptions Survey - IEP",,"18 to 24",Female,,4,1,4,2,5,1,4,1,,,"03 Jun, 2025"
770,2d2x06fwbksb9921m2d22hulf599gnm7,QW6dZzfA,"Community Peace Perceptions Survey - IEP",,"18 to 24",Male,,3,4,3,5,6,3,6,4,5,6,"03 Jun, 2025"
771,2vq61vb1uii8geip6r2vq61vb7ly9vxq,QW6dZzfA,"Community Peace Perceptions Survey - IEP",,"18 to 24",Male,,2,2,3,2,6,5,6,1,3,3,"03 Jun, 2025"
772,n0ptjhz35o0mwqk5n0ptdckdub87nn5e,QW6dZzfA,"Community Peace Perceptions Survey - IEP",,"25 to 44",Female,,1,1,1,4,1,3,4,2,,,"03 Jun, 2025"
773,7kqv2s4v4dgubbyeo47kqv2s4ds95928,QW6dZzfA,"Community Peace Perceptions Survey - IEP",,"65 and over",Female,,3,5,4,5,6,6,6,4,5,6,"03 Jun, 2025"
774,j4nqirnyvzsx4edoj4xpvvi7erz68j1a,QW6dZzfA,"Community Peace Perceptions Survey - IEP",,"Prefer not to say",Male,,5,3,5,5,5,2,1,5,3,,"03 Jun, 2025"
775,xfdj1jtigkove1ksxfdwvr4e8pyvpjfh,QW6dZzfA,"Community Peace Perceptions Survey - IEP",,"65 and over",Female,,6,6,6,4,5,4,4,,,,"03 Jun, 2025"
776,iokx9cdecm4yde383ko4kiokx9vsix88,QW6dZzfA,"Community Peace Perceptions Survey - IEP",,"18 to 24",Female,,2,6,2,6,6,1,6,6,6,,"03 Jun, 2025"
777,wc9p1m663pew0lb2b01wc9p1m6entard,QW6dZzfA,"Community Peace Perceptions Survey - IEP",,"25 to 44",Female,,6,6,6,6,6,6,6,6,6,6,"03 Jun, 2025"
778,1dgrfrqtq0y9gazej4t1dgrfrtuif399,QW6dZzfA,"Community Peace Perceptions Survey - IEP",,"18 to 24",Female,,4,5,4,3,4,3,4,3,3,,"03 Jun, 2025"
779,pn7291axheg60x9jpn7euqlpo9p94jv8,QW6dZzfA,"Community Peace Perceptions Survey - IEP",,"25 to 44",Female,,5,5,4,2,1,4,3,4,3,2,"03 Jun, 2025"
780,r0mxdpg3f0cvgtsr0mhz11p3922mnakn,QW6dZzfA,"Community Peace Perceptions Survey - IEP",,"25 to 44",Female,,4,2,5,6,6,1,6,1,6,6,"03 Jun, 2025"
781,jhyemm1as01x7sggwjhyemmy5pwxbjbk,QW6dZzfA,"Community Peace Perceptions Survey - IEP",,"65 and over",Female,,2,1,3,3,3,3,2,4,,,"03 Jun, 2025"
782,h4hmlvg7yaammvtqh4h0fme6tsgdibc4,QW6dZzfA,"Community Peace Perceptions Survey - IEP",,"25 to 44",Male,,5,5,4,3,5,4,2,,,,"03 Jun, 2025"
783,l1wm1dt39vkzqi4sl1wm1gnd3gm6m3yl,QW6dZzfA,"Community Peace Perceptions Survey - IEP",,"18 to 24",Male,,2,2,2,5,6,6,6,4,6,,"03 Jun, 2025"
784,4bly7oy73rp016xu9ytiv54bly76bbj7,QW6dZzfA,"Community Peace Perceptions Survey - IEP",,"18 to 24",Male,,3,1,5,1,6,6,1,1,1,,"03 Jun, 2025"
785,ahz6nxagr14mlkw1hugahz6nx902qczl,QW6dZzfA,"Community Peace Perceptions Survey - IEP",,"45 to 64",Female,,3,2,3,3,6,4,6,4,4,6,"03 Jun, 2025"
786,3jv9xt3yd6t9ilc9q3jv9x0go5h3vr5i,QW6dZzfA,"Community Peace Perceptions Survey - IEP",,"25 to 44",Male,,6,6,6,6,6,6,6,6,6,,"03 Jun, 2025"
787,r9qaqdxafzjzidlk43r9qaqdcog3xosa,QW6dZzfA,"Community Peace Perceptions Survey - IEP",,"45 to 64",Male,,6,6,5,6,6,2,5,3,5,6,"03 Jun, 2025"
788,hikw6dee2btwf55hhikw6258te6383vv,QW6dZzfA,"Community Peace Perceptions Survey - IEP",,"65 and over",Female,,1,4,4,4,5,1,6,3,5,5,"03 Jun, 2025"
789,kvti74j5ffeilkvtion7a5pvtx3udd01,QW6dZzfA,"Community Peace Perceptions Survey - IEP",,"25 to 44",Male,,6,3,2,3,4,5,3,2,4,2,"03 Jun, 2025"
790,kru3xt3zsomtbpyhbkru3anzi5xs63xe,QW6dZzfA,"Community Peace Perceptions Survey - IEP",,"25 to 44",Female,,3,5,4,4,6,4,6,3,5,6,"03 Jun, 2025"
791,93i5l47srv5f4l4h693i5l403yapevws,QW6dZzfA,"Community Peace Perceptions Survey - IEP",,"45 to 64",Female,,2,4,6,5,5,5,6,3,3,6,"03 Jun, 2025"
792,tejrkulogi6l85ktejrk8g9i1ltteref,QW6dZzfA,"Community Peace Perceptions Survey - IEP",,"25 to 44",Female,,4,6,6,6,2,6,6,6,6,,"03 Jun, 2025"
793,y4f49efiqb73f2ho98oy4f49e4rjqvpw,QW6dZzfA,"Community Peace Perceptions Survey - IEP",,"18 to 24",Male,,6,6,6,6,6,6,6,6,6,6,"03 Jun, 2025"
794,6apijjq275mrqis8cif6apijj3easzez,QW6dZzfA,"Community Peace Perceptions Survey - IEP",,"65 and over",Female,,,,,,,,,,,,"03 Jun, 2025"
795,x1knwe69dbunh56pjx1knwtm7n9yj5bj,QW6dZzfA,"Community Peace Perceptions Survey - IEP",,"25 to 44",Male,,,,,,,,,,,,"03 Jun, 2025"
796,1pa7e3lsxgugo4sot11exn1pa7ej20p3,QW6dZzfA,"Community Peace Perceptions Survey - IEP",,"45 to 64",Male,,6,3,4,4,6,1,6,5,6,6,"03 Jun, 2025"
797,qld1r4u6sivvcqld1o5a3357k11ag7w4,QW6dZzfA,"Community Peace Perceptions Survey - IEP",,"25 to 44",Female,,2,2,3,4,6,6,6,1,2,6,"03 Jun, 2025"
798,m60k8e1ohdyckafom60k802j9yo1j11c,QW6dZzfA,"Community Peace Perceptions Survey - IEP",,"18 to 24",Male,,1,4,4,4,5,5,6,4,3,2,"03 Jun, 2025"
799,cmpmsvgemq3w7cmpo0k1n931pyxab0gq,QW6dZzfA,"Community Peace Perceptions Survey - IEP",,"45 to 64",Male,,4,4,4,4,4,4,5,4,5,,"03 Jun, 2025"
800,qu6jejst5w00luc6ou7e7ymqu6jejs5g,QW6dZzfA,"Community Peace Perceptions Survey - IEP",,"65 and over",Male,,2,4,5,6,6,4,4,1,4,5,"03 Jun, 2025"
801,2toaempw7xaevigt05bv2tojf2psamhh,QW6dZzfA,"Community Peace Perceptions Survey - IEP",,"65 and over",Male,,6,4,4,4,2,4,3,2,3,6,"03 Jun, 2025"
802,uyausml02i60baql7uyaus4ez0bcz0e2,QW6dZzfA,"Community Peace Perceptions Survey - IEP",,"45 to 64",Male,,4,5,5,5,5,2,5,4,5,5,"03 Jun, 2025"
803,1wmyvszn73qg9d24tpb1wmyv1f7bm1sl,QW6dZzfA,"Community Peace Perceptions Survey - IEP",,"25 to 44",Male,,4,4,6,6,6,6,5,6,6,,"03 Jun, 2025"
804,ygug4gb27716s1u6bygug4g75pat3fmb,QW6dZzfA,"Community Peace Perceptions Survey - IEP",,"45 to 64",Male,,3,1,1,2,5,3,5,1,3,3,"03 Jun, 2025"
805,e5u50ysj13lshakef7x2l8v2e5u50ypz,QW6dZzfA,"Community Peace Perceptions Survey - IEP",,"25 to 44",Female,,4,5,4,3,6,1,6,1,3,3,"03 Jun, 2025"
806,e1ezva0reh9a5n7ye1ezs2c3p1u8g0fh,QW6dZzfA,"Community Peace Perceptions Survey - IEP",,"25 to 44",Female,,4,3,3,3,4,4,5,2,3,4,"03 Jun, 2025"
807,prs2cz6wy13mk31jprs6remgvc9l4m00,QW6dZzfA,"Community Peace Perceptions Survey - IEP",,"18 to 24",Female,,6,6,6,6,6,6,6,6,6,,"03 Jun, 2025"
808,jnpi6g8x50ot4wvhnrfkr5wjnpi5di96,QW6dZzfA,"Community Peace Perceptions Survey - IEP",,"Prefer not to say",Female,,1,1,1,1,6,6,6,1,1,1,"03 Jun, 2025"
809,z7d1jtze614i8qtan2z7d1p3il3qxtsh,QW6dZzfA,"Community Peace Perceptions Survey - IEP",,"45 to 64",Female,,3,4,6,3,6,3,6,5,3,,"03 Jun, 2025"
810,t2btryng39b57ncdcot2btry59lc241d,QW6dZzfA,"Community Peace Perceptions Survey - IEP",,"Prefer not to say",Female,,1,1,1,1,5,6,1,1,1,1,"03 Jun, 2025"
811,bjfjze4cvuo0be9dq5zofkbjfjze4zt1,QW6dZzfA,"Community Peace Perceptions Survey - IEP",,"45 to 64",Male,,4,4,6,6,6,3,6,6,6,6,"03 Jun, 2025"
812,lrjfu38d6t9zprglfvzlrjfu3ol7wwu7,QW6dZzfA,"Community Peace Perceptions Survey - IEP",,"18 to 24",Male,,,,,,,,,,,,"03 Jun, 2025"
813,3ntk73mhif071xt3ntkp5kz0p2sh93zt,QW6dZzfA,"Community Peace Perceptions Survey - IEP",,"18 to 24",Male,,1,3,4,4,6,6,1,4,2,,"03 Jun, 2025"
814,5q88x4iiehuugeggy5q88g00ftjnjrb2,QW6dZzfA,"Community Peace Perceptions Survey - IEP",,"18 to 24",Male,,5,3,5,5,1,4,,,,,"03 Jun, 2025"
815,5xwjv2b42bez8i05xwq78ki1qzmtnpea,QW6dZzfA,"Community Peace Perceptions Survey - IEP",,"25 to 44",Male,,4,2,2,3,3,6,4,3,3,5,"03 Jun, 2025"
816,qbwwrz2wwgz3fhyiu6yqbwwrrmkyj1x9,QW6dZzfA,"Community Peace Perceptions Survey - IEP",,"25 to 44",Male,,3,4,4,3,3,4,4,4,4,4,"03 Jun, 2025"
817,8tldacqetqfaxbs8tld7p53hmwbkzfyx,QW6dZzfA,"Community Peace Perceptions Survey - IEP",,"18 to 24",Male,,4,6,4,6,4,5,4,4,4,,"03 Jun, 2025"
818,ddfciitsy3838vyp39oyddfciiao7omh,QW6dZzfA,"Community Peace Perceptions Survey - IEP",,"25 to 44",Male,,4,4,4,4,4,1,6,3,3,3,"03 Jun, 2025"
819,wd4rrq960ul7ijmp6e6ewd4rrq9muute,QW6dZzfA,"Community Peace Perceptions Survey - IEP",,"25 to 44",Male,,3,2,4,4,3,4,3,2,3,4,"03 Jun, 2025"
820,cq1yzb8ha6z953w9cq15upjzu5aioxky,QW6dZzfA,"Community Peace Perceptions Survey - IEP",,"45 to 64",Female,,4,1,4,4,6,4,6,1,1,,"03 Jun, 2025"
821,qp0r8l3ob09ob12r68qp0s5bv0udtmux,QW6dZzfA,"Community Peace Perceptions Survey - IEP",,"25 to 44",Male,,4,5,5,4,6,2,6,4,4,4,"03 Jun, 2025"
822,qpmoqj3ty8djbvtnkihaoqpmoqj3w1om,QW6dZzfA,"Community Peace Perceptions Survey - IEP",,"25 to 44",Female,,4,4,4,,,,,,,,"03 Jun, 2025"
823,76yvebbxhov9btd846k76yveuy81noyf,QW6dZzfA,"Community Peace Perceptions Survey - IEP",,"18 to 24",Male,,4,4,5,4,6,3,6,4,4,3,"03 Jun, 2025"
824,wlpq3wpb1ss620wlpq3fkugavif42gqb,QW6dZzfA,"Community Peace Perceptions Survey - IEP",,"45 to 64",Female,,4,3,5,5,6,1,5,3,4,5,"03 Jun, 2025"
825,9z2mie3bemx39z27orw4agdue5yp4iu7,QW6dZzfA,"Community Peace Perceptions Survey - IEP",,"25 to 44",Female,,1,3,2,2,5,6,4,2,3,5,"03 Jun, 2025"
826,vpl05fjmunnq7znovpl05f06y0dv3ti7,QW6dZzfA,"Community Peace Perceptions Survey - IEP",,"45 to 64",Female,,4,2,3,5,4,6,5,2,4,5,"03 Jun, 2025"
827,p1fa48648vqo23p1faoralkooxz6q0or,QW6dZzfA,"Community Peace Perceptions Survey - IEP",,"25 to 44",Female,,5,6,6,5,5,5,6,6,6,4,"03 Jun, 2025"
828,ynoxaxjpk3p0oxxrzkgj0ynoxk6hkcfo,QW6dZzfA,"Community Peace Perceptions Survey - IEP",,"25 to 44",Female,,1,3,3,6,4,1,3,1,2,2,"03 Jun, 2025"
829,wjbc15eqy1hxi2p6lex2wjbc158ddp4n,QW6dZzfA,"Community Peace Perceptions Survey - IEP",,"25 to 44",Male,,6,5,4,5,5,5,5,5,5,5,"03 Jun, 2025"
830,7ahwedsmv2oriimau9oiy7ahwe7gu7ha,QW6dZzfA,"Community Peace Perceptions Survey - IEP",,"45 to 64",Male,,2,1,1,1,5,1,2,1,1,1,"03 Jun, 2025"
831,bu57xott3cvj7erlxuebu57my9ifmz3s,QW6dZzfA,"Community Peace Perceptions Survey - IEP",,"18 to 24",Male,,5,5,5,5,5,6,5,5,5,,"03 Jun, 2025"
832,u8mttxz2u3sbzvfjdp6yxccgu8mttxzq,QW6dZzfA,"Community Peace Perceptions Survey - IEP",,"18 to 24",Male,,1,4,4,2,2,3,1,5,2,3,"03 Jun, 2025"
833,rkyrse4ctljr8nuhzhse5trkyrlyyf6s,QW6dZzfA,"Community Peace Perceptions Survey - IEP",,"Prefer not to say",Male,,6,6,6,6,6,6,6,,,,"03 Jun, 2025"
834,kng2zrco8r03iaq4cwiukng2zrrhj7b3,QW6dZzfA,"Community Peace Perceptions Survey - IEP",,"18 to 24",Male,,6,6,6,6,6,6,6,6,6,,"03 Jun, 2025"
835,rvcf4jpgmxjlgda0frvcf4jgkw9lhh8a,QW6dZzfA,"Community Peace Perceptions Survey - IEP",,"18 to 24",Male,,4,6,5,4,4,4,4,4,4,4,"03 Jun, 2025"
836,onp4sopvh3p71220onp4sn43gsn5jdh2,QW6dZzfA,"Community Peace Perceptions Survey - IEP",,"18 to 24",Female,,2,2,6,3,6,5,6,4,3,,"03 Jun, 2025"
837,y8qfhuqbps2iqcwbuy8qftgp8pmii5c8,QW6dZzfA,"Community Peace Perceptions Survey - IEP",,"25 to 44",Female,,5,5,4,4,5,4,5,5,4,4,"03 Jun, 2025"
838,itbdzu6lg3kymcm6itbdzdahgjmlhttx,QW6dZzfA,"Community Peace Perceptions Survey - IEP",,"18 to 24",Male,,,,,,,,,,,,"03 Jun, 2025"
839,krxk4x7nkrqiepi7krxk4xt3jjsybfji,QW6dZzfA,"Community Peace Perceptions Survey - IEP",,"25 to 44",Male,,5,2,3,3,4,3,6,1,1,1,"03 Jun, 2025"
840,gynl4a50r5mz58z0qgynl4a4bg4fdg0w,QW6dZzfA,"Community Peace Perceptions Survey - IEP",,"25 to 44",Female,,2,2,1,2,3,1,3,1,1,1,"03 Jun, 2025"
841,jmtc0gt7zvhdz4rvfeajmtc0gt6o7dii,QW6dZzfA,"Community Peace Perceptions Survey - IEP",,"18 to 24","Prefer not to say",,3,3,3,4,3,4,2,1,2,,"03 Jun, 2025"
842,a0anmho35ubi0pi9wzsa0anmhu3pksjg,QW6dZzfA,"Community Peace Perceptions Survey - IEP",,"18 to 24",Male,,6,4,5,4,4,5,3,5,5,5,"03 Jun, 2025"
843,cmdav76ua3t0j8d718cmdav7ggbs1z2e,QW6dZzfA,"Community Peace Perceptions Survey - IEP",,"18 to 24",Female,,6,6,6,6,6,6,6,6,6,,"03 Jun, 2025"
844,ky7pfpxx08ujx6w5srx7ky7pfpxndske,QW6dZzfA,"Community Peace Perceptions Survey - IEP",,"25 to 44",Female,,4,4,3,3,4,5,6,5,4,6,"03 Jun, 2025"
845,845j75gk12k18v3ny1gyt36lemb9ev3n,QW6dZzfA,"Community Peace Perceptions Survey - IEP",,"25 to 44",Female,,6,6,6,4,6,4,6,3,6,6,"03 Jun, 2025"
846,kew1dw9hxf1cjngkqzcikew1dwzlhows,QW6dZzfA,"Community Peace Perceptions Survey - IEP",,"65 and over",Female,,2,2,4,2,5,5,5,2,3,2,"03 Jun, 2025"
847,3kjq0u2se0q5pa7see4nk3kjq0qx5bhx,QW6dZzfA,"Community Peace Perceptions Survey - IEP",,"25 to 44",Female,,3,4,3,3,5,4,6,2,2,3,"03 Jun, 2025"
848,xw2iea0ohnff5meiuixw2ieyblx76pk3,QW6dZzfA,"Community Peace Perceptions Survey - IEP",,"25 to 44",Other,,3,5,3,3,5,3,5,4,2,5,"03 Jun, 2025"
849,8mlxk9fzxyh2m76p59w9z8mlxk9fzloo,QW6dZzfA,"Community Peace Perceptions Survey - IEP",,"18 to 24",Male,,1,1,3,4,3,6,4,1,3,5,"03 Jun, 2025"
594,3t1ygyw0t9wm99lld3t1ygkkcqo5kbov,QW6dZzfA,"Community Peace Perceptions Survey - IEP",,"25 to 44",Female,,5,3,4,4,5,5,6,3,3,,"03 Jun, 2025"
850,6wgmqqodvo71uso7oy6wgmqdonttujsk,QW6dZzfA,"Community Peace Perceptions Survey - IEP",,"25 to 44",Female,,6,3,3,3,6,5,6,3,3,4,"03 Jun, 2025"
595,4d7hxsd06q09pmt4d7hxmnpjrq7da2x1,QW6dZzfA,"Community Peace Perceptions Survey - IEP",,"25 to 44",Female,,3,6,6,3,1,6,1,1,1,6,"03 Jun, 2025"
851,vztv7cvc59lv6r2tbvztvx5pm94f9i2k,QW6dZzfA,"Community Peace Perceptions Survey - IEP",,"45 to 64",Male,,6,6,6,6,6,6,6,6,,,"03 Jun, 2025"
596,fqjdh5mmbtvx9ed2va1fqjdhf9eogx4s,QW6dZzfA,"Community Peace Perceptions Survey - IEP",,"25 to 44",Male,,3,2,3,4,6,6,4,3,4,4,"03 Jun, 2025"
852,jeotk17j7j4qnk5ef9jeotiberbb21wk,QW6dZzfA,"Community Peace Perceptions Survey - IEP",,"45 to 64",Male,,6,6,6,6,6,6,6,6,6,6,"03 Jun, 2025"
597,5sgxgllz5x7bo70d5sgxglt3hxt3vwp4,QW6dZzfA,"Community Peace Perceptions Survey - IEP",,"18 to 24",Male,,6,6,6,5,4,6,6,6,6,6,"03 Jun, 2025"
853,eyjt532wwcby00trrrc77peyjt5qgbir,QW6dZzfA,"Community Peace Perceptions Survey - IEP",,"18 to 24",Male,,2,2,1,2,4,5,5,2,2,3,"03 Jun, 2025"
598,tr0wv79a4k0mbd21utrwfv7ic5gt7yah,QW6dZzfA,"Community Peace Perceptions Survey - IEP",,"25 to 44",Male,,1,3,5,4,6,1,6,6,6,4,"03 Jun, 2025"
854,eoc4azhykqgitb9eocoqog573p21bdgp,QW6dZzfA,"Community Peace Perceptions Survey - IEP",,"45 to 64",Male,,6,6,6,6,6,6,6,6,6,6,"03 Jun, 2025"
599,0b2df57laqyva23n7ol2e0b2df57lqwu,QW6dZzfA,"Community Peace Perceptions Survey - IEP",,"25 to 44",Female,,5,5,6,6,5,6,6,6,5,,"03 Jun, 2025"
855,1pf2mikonfyc0r701pf2mn4ononr5fn3,QW6dZzfA,"Community Peace Perceptions Survey - IEP",,"45 to 64",Male,,6,6,6,6,6,6,6,6,,,"03 Jun, 2025"
600,2ur9nkpb0duepx1uj2ur9n0t7qmby3ye,QW6dZzfA,"Community Peace Perceptions Survey - IEP",,"18 to 24",Female,,2,4,1,2,6,4,6,3,2,1,"03 Jun, 2025"
856,h15u9lz8860s043es6th15u9lz87kd0k,QW6dZzfA,"Community Peace Perceptions Survey - IEP",,"45 to 64",Male,,6,6,6,6,6,6,6,6,,,"03 Jun, 2025"
601,7yegvu8490gm0z7yegvuo5w0mb0je03t,QW6dZzfA,"Community Peace Perceptions Survey - IEP",,"18 to 24",Female,,,,,,,,,,,,"03 Jun, 2025"
857,mfey92zl3t9zdujhgqmfey92z8jejy3o,QW6dZzfA,"Community Peace Perceptions Survey - IEP",,"45 to 64",Male,,6,6,6,6,6,6,6,6,6,6,"03 Jun, 2025"
602,3w1a7uxrw2h6meeq13w1a7xqbb6epbuk,QW6dZzfA,"Community Peace Perceptions Survey - IEP",,"18 to 24",Male,,6,4,4,5,5,5,5,5,5,,"03 Jun, 2025"
858,x7onj55y6oo2d84n1nx7onj5p0xdjji5,QW6dZzfA,"Community Peace Perceptions Survey - IEP",,"45 to 64",Male,,6,6,6,6,6,6,6,6,6,6,"03 Jun, 2025"
603,y21oq6m7v3sdnxay21nhnd5gjlqq07zd,QW6dZzfA,"Community Peace Perceptions Survey - IEP",,"25 to 44",Male,,4,5,4,4,4,4,4,,,,"03 Jun, 2025"
859,6nvvjgpmmtg7by4c6nvvnn2zdu1rcmyn,QW6dZzfA,"Community Peace Perceptions Survey - IEP",,"65 and over",Male,,4,3,4,3,6,3,5,2,1,1,"03 Jun, 2025"
604,g94nq2qeyzj64tqg94z8g36ypzlkk9gk,QW6dZzfA,"Community Peace Perceptions Survey - IEP",,"45 to 64",Male,,6,1,6,6,1,6,1,6,6,,"03 Jun, 2025"
860,h7ohbknympefk6vjkc36h7ohd9itxjz0,QW6dZzfA,"Community Peace Perceptions Survey - IEP",,"45 to 64",Male,,6,5,5,6,6,5,6,5,6,6,"03 Jun, 2025"
605,nomxu11embmp7yfnom3kclz3z7mr4vm9,QW6dZzfA,"Community Peace Perceptions Survey - IEP",,"45 to 64",Female,,1,1,1,3,6,6,1,1,3,3,"03 Jun, 2025"
861,fh4rbmu7lz7jxl8s6vfcfh4rbmuqj3ut,QW6dZzfA,"Community Peace Perceptions Survey - IEP",,"25 to 44",Female,,6,6,6,1,6,5,5,6,,,"03 Jun, 2025"
606,42uowumx4f99h7cl4yjb42uowum6z8n4,QW6dZzfA,"Community Peace Perceptions Survey - IEP",,"18 to 24",Male,,6,6,6,6,6,1,6,4,6,6,"03 Jun, 2025"
862,4k6xxjea5m15ay4k6xxmxe4rslh2rqio,QW6dZzfA,"Community Peace Perceptions Survey - IEP",,"25 to 44",Female,,5,4,5,5,6,4,6,3,4,4,"03 Jun, 2025"
607,2fdjcmchpt3iud3u2fdjcsq1fekuqwtf,QW6dZzfA,"Community Peace Perceptions Survey - IEP",,"65 and over",Male,,1,2,3,5,6,2,6,3,4,5,"03 Jun, 2025"
863,8cs19e06lnlu2fkmr88cs17jjuve2tuj,QW6dZzfA,"Community Peace Perceptions Survey - IEP",,"25 to 44",Female,,6,1,4,4,6,6,6,1,4,,"03 Jun, 2025"
608,p618p9adiphat6jjp618ytph3b254y76,QW6dZzfA,"Community Peace Perceptions Survey - IEP",,"18 to 24",Male,,3,4,5,6,1,2,5,5,,,"03 Jun, 2025"
864,vmv9ft6gvqcuvmv9fkvp7xevs9wgmka8,QW6dZzfA,"Community Peace Perceptions Survey - IEP",,"18 to 24",Female,,3,4,3,3,3,4,3,2,,,"03 Jun, 2025"
609,dyf5wmej7m96rgtpovg4dyf5xtiio0m6,QW6dZzfA,"Community Peace Perceptions Survey - IEP",,"65 and over",Male,,1,1,3,4,2,2,6,2,5,5,"03 Jun, 2025"
865,q5fju7d4jcvvb2vlj1glrdq5fju7dm84,QW6dZzfA,"Community Peace Perceptions Survey - IEP",,"18 to 24",Female,,2,1,2,2,1,2,1,3,2,4,"03 Jun, 2025"
610,xo5qitvb387ki9azs8ujxo5qiegigmuv,QW6dZzfA,"Community Peace Perceptions Survey - IEP",,"25 to 44",Male,,1,1,1,6,3,6,6,1,1,1,"03 Jun, 2025"
866,2hxvyq18jvpq56ko2hxvyy8unqz9o3mt,QW6dZzfA,"Community Peace Perceptions Survey - IEP",,"25 to 44",Female,,6,5,6,6,6,1,6,4,6,6,"03 Jun, 2025"
611,viky6hbets95xxuu0sviky6hdm2xjnbw,QW6dZzfA,"Community Peace Perceptions Survey - IEP",,"45 to 64",Male,,3,5,6,3,2,5,6,4,5,6,"03 Jun, 2025"
867,1581zmnrzaub6e3vofmt5q1581zmckol,QW6dZzfA,"Community Peace Perceptions Survey - IEP",,"25 to 44",Female,,5,5,4,4,3,3,3,4,,,"03 Jun, 2025"
612,82y39jy9vh472h19rj82y358wtao12r4,QW6dZzfA,"Community Peace Perceptions Survey - IEP",,"18 to 24",Female,,2,6,3,6,1,2,3,1,6,6,"03 Jun, 2025"
868,w8exsq343n3henf4ijhf2dw8exsq1r2g,QW6dZzfA,"Community Peace Perceptions Survey - IEP",,"25 to 44",Female,,4,6,5,4,6,1,6,4,3,3,"03 Jun, 2025"
613,2t35nrjvsmh8k32t35nrvdr4bapw02y0,QW6dZzfA,"Community Peace Perceptions Survey - IEP",,"18 to 24",Male,,,,,,,,,,,,"03 Jun, 2025"
869,txvfkeooug8j7lp2mtxv9y2ycp20xnwv,QW6dZzfA,"Community Peace Perceptions Survey - IEP",,"25 to 44",Female,,4,3,4,3,5,1,6,4,3,3,"03 Jun, 2025"
614,ata91efvmkw0csnrx51yqxata91eflqy,QW6dZzfA,"Community Peace Perceptions Survey - IEP",,"18 to 24",Male,,,,,,,,,,,,"03 Jun, 2025"
870,eiqrjeetzj323fyowhcieiqfoau8rf0n,QW6dZzfA,"Community Peace Perceptions Survey - IEP",,"25 to 44",Male,,6,4,6,5,5,5,6,3,5,6,"03 Jun, 2025"
615,20kw4edc3krxuq10ql720kw4kw68kl61,QW6dZzfA,"Community Peace Perceptions Survey - IEP",,"18 to 24",Male,,3,5,3,1,5,2,6,3,5,5,"03 Jun, 2025"
871,micwumfo2u8w60d2skx1mmicwumfld6r,QW6dZzfA,"Community Peace Perceptions Survey - IEP",,"45 to 64",Female,,1,2,3,3,3,3,1,2,,,"03 Jun, 2025"
616,sr60phojnr1z24psr60phsu4e8ybjy68,QW6dZzfA,"Community Peace Perceptions Survey - IEP",,"18 to 24",Male,,6,5,5,4,5,6,5,4,5,6,"03 Jun, 2025"
617,5qqhhkjxl41tmaqtw5qqa3fwmo116bv4,QW6dZzfA,"Community Peace Perceptions Survey - IEP",,"18 to 24",Male,,6,,,,,,,,,,"03 Jun, 2025"
618,wr6lrq9ts38mtgilwrb67er6cir5x2a9,QW6dZzfA,"Community Peace Perceptions Survey - IEP",,"25 to 44",Male,,1,4,4,5,6,4,5,3,5,,"03 Jun, 2025"
619,0qx1x68u9om1ev2113yb30qx1x6wr8jn,QW6dZzfA,"Community Peace Perceptions Survey - IEP",,"18 to 24",Male,,1,1,6,6,6,6,3,6,5,4,"03 Jun, 2025"
620,xgo9310zvjtr0gtxgo931ssflpv7ccoa,QW6dZzfA,"Community Peace Perceptions Survey - IEP",,"25 to 44",Male,,6,3,5,3,3,1,6,1,6,6,"03 Jun, 2025"
621,aja7u6peu8rvfbucaje0tsjruob87acr,QW6dZzfA,"Community Peace Perceptions Survey - IEP",,"18 to 24",Male,,6,1,1,3,1,3,1,6,6,,"03 Jun, 2025"
622,rrd20ofr1n03y1fyz3rrd20oy3p26q03,QW6dZzfA,"Community Peace Perceptions Survey - IEP",,"18 to 24",Male,,6,6,6,2,2,6,1,6,6,,"03 Jun, 2025"
623,huwpxf5mynebq7ehena7fgzp2ykena7w,QW6dZzfA,"Community Peace Perceptions Survey - IEP",,"18 to 24",Male,,5,3,1,1,1,1,2,,,,"03 Jun, 2025"
624,e3stomj1p666l895peoge3stom4pklmo,QW6dZzfA,"Community Peace Perceptions Survey - IEP",,"18 to 24",Male,,1,6,6,6,6,6,1,6,6,,"03 Jun, 2025"
625,px3afkz6gp5g8kcfipx3af4zm7mbms3v,QW6dZzfA,"Community Peace Perceptions Survey - IEP",,"25 to 44",Male,,3,3,3,3,6,4,3,1,6,6,"03 Jun, 2025"
626,4n83aiz92i8v9v4n834ou4cyzise11m7,QW6dZzfA,"Community Peace Perceptions Survey - IEP",,"18 to 24",Male,,3,3,6,2,1,6,6,4,6,6,"03 Jun, 2025"
627,3bz5byy1rf7hcdsoghbuc3bz5bs35oc4,QW6dZzfA,"Community Peace Perceptions Survey - IEP",,"18 to 24",Male,,5,2,5,5,1,5,1,2,,,"03 Jun, 2025"
628,0fvsr5ndeq68fmh9xsi0fvsrkkywnxfp,QW6dZzfA,"Community Peace Perceptions Survey - IEP",,"45 to 64",Male,,4,3,4,3,5,3,5,2,4,4,"03 Jun, 2025"
629,mur4qqpyncjcpvu04kimur4qqxwovve5,QW6dZzfA,"Community Peace Perceptions Survey - IEP",,"18 to 24",Female,,1,1,1,3,3,3,6,1,1,1,"03 Jun, 2025"
630,bvmyqz3zruzhvyu6eebvmyp1xmel8502,QW6dZzfA,"Community Peace Perceptions Survey - IEP",,"18 to 24",Female,,,,,,,,,,,,"03 Jun, 2025"
631,6tppqbwr24ciof3wvsu6tppq1f1alqsq,QW6dZzfA,"Community Peace Perceptions Survey - IEP",,"25 to 44",Male,,4,2,5,3,4,6,6,5,4,3,"03 Jun, 2025"
632,9ei99rcgjmt2jo6tow99ei99whoby7e8,QW6dZzfA,"Community Peace Perceptions Survey - IEP",,"18 to 24",Female,,1,1,1,1,1,1,1,1,1,1,"03 Jun, 2025"
633,hy9hexyss4h8rxthy9he54zbsjf4br7s,QW6dZzfA,"Community Peace Perceptions Survey - IEP",,"45 to 64",Male,,6,6,1,1,6,6,6,1,1,1,"03 Jun, 2025"
634,h8648ufl3qi38mcoma4fh8648unjfmif,QW6dZzfA,"Community Peace Perceptions Survey - IEP",,"45 to 64",Male,,3,4,4,4,3,3,4,2,2,,"03 Jun, 2025"
635,bnzmrw2iqc0noq3bnzsho1726k0giz40,QW6dZzfA,"Community Peace Perceptions Survey - IEP",,"18 to 24",Male,,1,1,1,6,1,6,1,1,,,"03 Jun, 2025"
636,77pceq4mgq9tdz77pcbsrn0nw0inipwa,QW6dZzfA,"Community Peace Perceptions Survey - IEP",,"18 to 24",Male,,1,3,3,4,4,3,2,2,3,3,"03 Jun, 2025"
637,d31qbjsip94km775kd31q81c2fif90o4,QW6dZzfA,"Community Peace Perceptions Survey - IEP",,"18 to 24",Female,,1,1,6,6,1,6,1,5,1,,"03 Jun, 2025"
638,s7to4rmmbj6xnauskhbs7to4o3mbew95,QW6dZzfA,"Community Peace Perceptions Survey - IEP",,"18 to 24",Female,,6,6,5,5,5,6,6,6,6,,"03 Jun, 2025"
639,9r18n3ylvgseuwktbcmcg19r18n3yv0a,QW6dZzfA,"Community Peace Perceptions Survey - IEP",,"18 to 24",Female,,6,6,6,6,5,5,5,6,5,6,"03 Jun, 2025"
640,wd6eulof3h3vq8xwd6ems3ihpiiv8he4,QW6dZzfA,"Community Peace Perceptions Survey - IEP",,"25 to 44",Female,,1,3,2,1,4,3,3,1,2,1,"03 Jun, 2025"
641,wp07v7wj4c6ugi4pgazwp07v78o34elx,QW6dZzfA,"Community Peace Perceptions Survey - IEP",,"18 to 24",Male,,4,5,5,5,6,1,6,2,5,6,"03 Jun, 2025"
642,yyt406osk29axj86wyyt406eyhalfblv,QW6dZzfA,"Community Peace Perceptions Survey - IEP",,"65 and over",Male,,4,4,4,6,6,5,5,2,6,,"03 Jun, 2025"
643,e12j9jrbmrbi9trcydke12jm3d5o1t4t,QW6dZzfA,"Community Peace Perceptions Survey - IEP",,"65 and over",Male,,,,,,,,,,,,"03 Jun, 2025"
644,xpxm02df2wpxpxtslnqlf284m1v8uutw,QW6dZzfA,"Community Peace Perceptions Survey - IEP",,"25 to 44",Female,,1,1,2,6,6,1,6,1,6,6,"03 Jun, 2025"
645,9llmodbxi2swkmwnf9llmxp5ajsl5zqz,QW6dZzfA,"Community Peace Perceptions Survey - IEP",,"18 to 24",Male,,4,4,4,6,1,4,6,6,6,6,"03 Jun, 2025"
646,ol9f2lggnt92ekrwq5ol9qdjc1ut782v,QW6dZzfA,"Community Peace Perceptions Survey - IEP",,"65 and over",Female,,6,6,6,6,6,1,6,6,6,,"03 Jun, 2025"
647,hzidxr9o09n8yghzidxyt34bhi0pex5a,QW6dZzfA,"Community Peace Perceptions Survey - IEP",,"45 to 64",Female,,6,6,6,6,1,6,6,6,6,,"03 Jun, 2025"
648,pxp2d3vzcgn6s5fpxp2d3gjw1gblx5du,QW6dZzfA,"Community Peace Perceptions Survey - IEP",,"25 to 44",Female,,2,2,3,4,6,3,2,1,5,,"03 Jun, 2025"
649,id4aem50cio2o2id4aem7x6s777sfkex,QW6dZzfA,"Community Peace Perceptions Survey - IEP",,"45 to 64",Male,,3,4,5,5,6,4,4,4,5,6,"03 Jun, 2025"
650,gyha13q6xdaaw94sgyha13n5m0nesydt,QW6dZzfA,"Community Peace Perceptions Survey - IEP",,"45 to 64",Male,,3,3,4,5,6,3,5,3,6,,"03 Jun, 2025"
651,lucu8bpie9zhdm2lu21ujqzagbzcm3ec,QW6dZzfA,"Community Peace Perceptions Survey - IEP",,"45 to 64",Male,,6,1,2,1,1,6,3,1,1,3,"03 Jun, 2025"
652,eg43ld8592p57f2la9eg43linzygtv70,QW6dZzfA,"Community Peace Perceptions Survey - IEP",,"25 to 44",Female,,1,2,3,4,5,6,1,,,,"03 Jun, 2025"
653,0nfipe8ksz8bor4qiiv0nfie8ieid789,QW6dZzfA,"Community Peace Perceptions Survey - IEP",,"45 to 64",Male,,3,3,5,5,6,3,5,4,4,5,"03 Jun, 2025"
654,e8z87nzutbvpruke8z87nzguihi8l45m,QW6dZzfA,"Community Peace Perceptions Survey - IEP",,"45 to 64",Male,,1,1,1,1,2,1,1,1,2,,"03 Jun, 2025"
655,7xihahp9z7eyo452q7xiha463yutnps7,QW6dZzfA,"Community Peace Perceptions Survey - IEP",,"25 to 44",Female,,6,1,3,6,6,1,6,1,1,6,"03 Jun, 2025"
656,yixs19o0pdq0eydqco7f6yixs19onnoy,QW6dZzfA,"Community Peace Perceptions Survey - IEP",,"45 to 64",Female,,1,2,5,6,6,6,6,1,3,6,"03 Jun, 2025"
657,5yatycli033359y51y1f5yatycsn42sy,QW6dZzfA,"Community Peace Perceptions Survey - IEP",,"45 to 64",Male,,,,,,,,,,,,"03 Jun, 2025"
658,xc6xamxxudfixx7yxc6xavlge8anwbmv,QW6dZzfA,"Community Peace Perceptions Survey - IEP",,"45 to 64",Female,,5,3,3,3,4,4,4,3,3,4,"03 Jun, 2025"
659,tllekq8z9uxcg7hctllei6o2teuxl405,QW6dZzfA,"Community Peace Perceptions Survey - IEP",,"45 to 64",Female,,6,6,6,6,6,1,6,1,1,6,"03 Jun, 2025"
660,6qc1x7nhldx8z36qc1xksmvrgiblznah,QW6dZzfA,"Community Peace Perceptions Survey - IEP",,"45 to 64",Male,,5,6,5,6,6,6,6,5,6,6,"03 Jun, 2025"
661,tcf6yix73ldkr59qkstcf6bgqhfb3wyq,QW6dZzfA,"Community Peace Perceptions Survey - IEP",,"25 to 44",Male,,3,6,6,6,6,6,6,6,6,6,"03 Jun, 2025"
662,txum05ddvlawr3lf4df3txum0j55hs2j,QW6dZzfA,"Community Peace Perceptions Survey - IEP",,"45 to 64",Male,,1,1,6,6,5,5,6,1,5,6,"03 Jun, 2025"
663,ia29ybo8ue25unyu7ia29ybdmy3if7rh,QW6dZzfA,"Community Peace Perceptions Survey - IEP",,"45 to 64",Male,,5,2,5,5,1,4,3,4,5,,"03 Jun, 2025"
664,1xy5uesz8bdqy7ri360ocm1xy5luexm6,QW6dZzfA,"Community Peace Perceptions Survey - IEP",,"25 to 44",Female,,5,6,6,6,6,1,6,4,4,6,"03 Jun, 2025"
665,it090x27b1nj5in28it0902ipdeyy579,QW6dZzfA,"Community Peace Perceptions Survey - IEP",,"25 to 44",Male,,1,1,2,3,4,6,6,1,2,2,"03 Jun, 2025"
666,2qf8xlyiybh4hgch0vj2qf8xle6i74gb,QW6dZzfA,"Community Peace Perceptions Survey - IEP",,"18 to 24",Male,,3,5,6,1,6,1,6,3,,,"03 Jun, 2025"
667,eiuxr18b9er5h0tnreiux507joe8o8mi,QW6dZzfA,"Community Peace Perceptions Survey - IEP",,"45 to 64",Female,,5,2,3,4,2,2,3,3,4,4,"03 Jun, 2025"
668,588dogf9almx2c6kr5588dogfyg41zig,QW6dZzfA,"Community Peace Perceptions Survey - IEP",,"45 to 64",Male,,6,6,6,3,6,3,6,6,4,5,"03 Jun, 2025"
669,wdc55actotq56rqwdc556nih1n83qf6e,QW6dZzfA,"Community Peace Perceptions Survey - IEP",,"25 to 44",Male,,1,1,3,4,1,3,1,1,1,3,"03 Jun, 2025"
670,d02zkxepfx6ajod02zkxsn87gh2kg4im,QW6dZzfA,"Community Peace Perceptions Survey - IEP",,"45 to 64",Female,,1,1,2,2,6,1,6,1,3,6,"03 Jun, 2025"
671,ucx1uh5w9k04eqa8ucxdqh1s8xzd7s29,QW6dZzfA,"Community Peace Perceptions Survey - IEP",,"45 to 64",Male,,1,6,6,6,6,6,6,1,1,1,"03 Jun, 2025"
672,ubo277svadubv8hgxyqzo3avzag5kcxv,QW6dZzfA,"Community Peace Perceptions Survey - IEP",,"18 to 24",Male,,3,3,3,3,,,,,,,"03 Jun, 2025"
673,efm10m0fk9a25cfsv5f45efm10m74qa1,QW6dZzfA,"Community Peace Perceptions Survey - IEP",,"45 to 64",Male,,4,5,5,5,5,2,4,4,4,4,"03 Jun, 2025"
674,43yiboo670zss7a20w43yibhpmjqymya,QW6dZzfA,"Community Peace Perceptions Survey - IEP",,"25 to 44",Female,,6,1,1,6,6,1,6,1,6,6,"03 Jun, 2025"
675,qor6kuitvrjqorrkoxi8nn5w1zq23rko,QW6dZzfA,"Community Peace Perceptions Survey - IEP",,"18 to 24",Male,,1,3,6,5,6,6,6,1,3,4,"03 Jun, 2025"
676,g0l1nmc1z3iz3xjki67g0l1ntl5b8g5a,QW6dZzfA,"Community Peace Perceptions Survey - IEP",,"25 to 44",Female,,2,1,2,3,6,6,6,1,6,6,"03 Jun, 2025"
677,al9big9mdpwfvclal9ugw50mxcbqdrib,QW6dZzfA,"Community Peace Perceptions Survey - IEP",,"25 to 44",Female,,1,2,3,,,,,,,,"03 Jun, 2025"
678,f20g1obl2yn66b1gtzf20g1oa4hpmn63,QW6dZzfA,"Community Peace Perceptions Survey - IEP",,"25 to 44",Female,,4,3,2,3,3,2,5,3,3,3,"03 Jun, 2025"
679,janvnp4t9t40cm6y9pb9rjanvnp42cs3,QW6dZzfA,"Community Peace Perceptions Survey - IEP",,"18 to 24",Male,,4,3,2,1,1,5,1,5,2,1,"03 Jun, 2025"
680,hihlvtzyrl9p5wqyghihlvv5pi9p9qm8,QW6dZzfA,"Community Peace Perceptions Survey - IEP",,"25 to 44",Female,,1,1,1,4,6,6,6,1,6,6,"03 Jun, 2025"
681,c7cbzzg88q5r406jai0c7cbzsd7kbyf2,QW6dZzfA,"Community Peace Perceptions Survey - IEP",,"25 to 44",Female,,1,1,1,6,6,6,1,1,1,6,"03 Jun, 2025"
682,3h0dbrvjc00l0vxvuul3h0dal57zeemv,QW6dZzfA,"Community Peace Perceptions Survey - IEP",,"45 to 64",Female,,4,1,6,6,6,2,6,3,5,6,"03 Jun, 2025"
683,j3nvi454eg90i25lbj3nviidgovz70ly,QW6dZzfA,"Community Peace Perceptions Survey - IEP",,"25 to 44",Female,,1,6,6,6,6,6,6,6,6,6,"03 Jun, 2025"
684,0aeziwb6utbz0co7obdg0aezik9mhmhz,QW6dZzfA,"Community Peace Perceptions Survey - IEP",,"18 to 24",Male,,1,1,6,6,6,1,6,1,6,6,"03 Jun, 2025"
685,69wq5ogkjc57hlhlsn69wqs77fq0d2wn,QW6dZzfA,"Community Peace Perceptions Survey - IEP",,"25 to 44",Male,,3,3,4,4,6,3,4,4,4,4,"03 Jun, 2025"
686,px11dsoaytl5l493vqjspx111q9u9zr6,QW6dZzfA,"Community Peace Perceptions Survey - IEP",,"25 to 44",Female,,4,6,3,6,6,3,6,1,4,4,"03 Jun, 2025"
687,eybk64bz7d52jpy4dj27eybk6hn1pk8h,QW6dZzfA,"Community Peace Perceptions Survey - IEP",,"18 to 24",Male,,3,6,4,4,,,,,,,"03 Jun, 2025"
688,8d2n0s5h5fawz38d2n0b66csb90lukzr,QW6dZzfA,"Community Peace Perceptions Survey - IEP",,"25 to 44",Female,,4,4,4,5,6,6,6,4,4,4,"03 Jun, 2025"
689,358zwued9z7uo5ik978358ld6kf8r1ni,QW6dZzfA,"Community Peace Perceptions Survey - IEP",,"45 to 64",Female,,6,6,6,6,6,1,6,1,6,,"03 Jun, 2025"
690,hi531toi02mu7lshi538y1dgmn5xo4jx,QW6dZzfA,"Community Peace Perceptions Survey - IEP",,"18 to 24",Male,,2,1,1,3,4,1,4,5,5,5,"03 Jun, 2025"
691,hfmrrm33url62boqk4hfmrrbcxa2tpn4,QW6dZzfA,"Community Peace Perceptions Survey - IEP",,"45 to 64",Female,,4,4,4,4,6,4,6,2,2,2,"03 Jun, 2025"
692,97fw3lgjbq2q1q3397fwguv0og8hphzi,QW6dZzfA,"Community Peace Perceptions Survey - IEP",,"65 and over",Male,,4,4,3,5,5,4,6,3,3,,"03 Jun, 2025"
693,np8p4er6tdx58p16hnp8ptwqz4mgavgy,QW6dZzfA,"Community Peace Perceptions Survey - IEP",,"65 and over",Male,,5,5,5,5,6,1,5,4,4,5,"03 Jun, 2025"
694,vl3e9ffqt03kqswqoctbzb7vl3e9ffq5,QW6dZzfA,"Community Peace Perceptions Survey - IEP",,"25 to 44",Female,,2,1,3,4,5,3,6,1,5,,"03 Jun, 2025"
695,mjt6mo4pr19y9mjt6n3p1s0zsj9f1slb,QW6dZzfA,"Community Peace Perceptions Survey - IEP",,"65 and over",Male,,4,6,6,4,6,4,5,3,4,3,"03 Jun, 2025"
696,2xrtfqbgy10u5libculff8h2xrtfq7da,QW6dZzfA,"Community Peace Perceptions Survey - IEP",,"65 and over",Male,,3,6,6,4,6,4,6,4,3,3,"03 Jun, 2025"
697,ik2papaaktns86ik2paq3yj3n7b9en3n,QW6dZzfA,"Community Peace Perceptions Survey - IEP",,"18 to 24",Male,,5,6,4,5,6,3,6,3,2,6,"03 Jun, 2025"
698,bi08djyb29k8hri05mmbi08d8zec90lq,QW6dZzfA,"Community Peace Perceptions Survey - IEP",,"25 to 44",Female,,3,3,3,5,4,6,4,1,2,2,"03 Jun, 2025"
699,1wec3dnsbmjuttfw9r1wec3g0iz898bk,QW6dZzfA,"Community Peace Perceptions Survey - IEP",,"18 to 24",Male,,6,1,6,6,6,1,6,1,6,6,"03 Jun, 2025"
700,089uniwvj65sx96yt1089unvxswwi84o,QW6dZzfA,"Community Peace Perceptions Survey - IEP",,"25 to 44",Female,,1,1,3,1,6,6,6,1,4,3,"03 Jun, 2025"
701,iqdabkcvv4pp2f2yiqda2vb9gipr35mk,QW6dZzfA,"Community Peace Perceptions Survey - IEP",,"18 to 24",Female,,2,4,6,6,6,6,2,1,6,6,"03 Jun, 2025"
702,ymc90fkbrb743oap3arkymc90fp61ryd,QW6dZzfA,"Community Peace Perceptions Survey - IEP",,"18 to 24",Male,,5,1,6,6,,,,,,,"03 Jun, 2025"
703,k0m4cyrl8huqd6ywjqhjk0m4ca6n6aj1,QW6dZzfA,"Community Peace Perceptions Survey - IEP",,"25 to 44",Female,,1,6,6,6,6,1,6,6,6,6,"03 Jun, 2025"
704,4p6aqkb5gi2bv3184p6aaxx6uqb0br1h,QW6dZzfA,"Community Peace Perceptions Survey - IEP",,"18 to 24",Female,,3,3,3,5,4,5,3,3,3,,"03 Jun, 2025"
705,vwrn32jp6yeam47mb4xvwrn311r87xju,QW6dZzfA,"Community Peace Perceptions Survey - IEP",,"18 to 24",Male,,4,4,3,3,3,4,4,3,3,1,"03 Jun, 2025"
706,1o7zyq9uv74tpoyomivwq1o7zyq9urbq,QW6dZzfA,"Community Peace Perceptions Survey - IEP",,"45 to 64",Female,,6,5,2,4,6,6,1,4,5,,"03 Jun, 2025"
707,2qwymg202zewr5i5aa6j2qwymg2ga0cx,QW6dZzfA,"Community Peace Perceptions Survey - IEP",,"18 to 24",Male,,3,1,1,3,6,4,4,1,1,2,"03 Jun, 2025"
708,umn05i7wcjsqz7d8umn05itylu91gyfd,QW6dZzfA,"Community Peace Perceptions Survey - IEP",,"25 to 44",Female,,6,4,4,6,6,6,4,6,6,,"03 Jun, 2025"
709,tg97zlxu7mu5s2btdkr0wtg97zlbu1ly,QW6dZzfA,"Community Peace Perceptions Survey - IEP",,"45 to 64",Female,,4,4,4,5,6,5,4,2,6,6,"03 Jun, 2025"
710,vemx3kvy3x5wzdr80b8yuk9vemx3ytn8,QW6dZzfA,"Community Peace Perceptions Survey - IEP",,"25 to 44",Female,,4,6,6,4,6,6,6,1,3,,"03 Jun, 2025"
711,4q1ym8yn8zzsti7b6wbl4q1ym8ikfn3x,QW6dZzfA,"Community Peace Perceptions Survey - IEP",,"65 and over",Male,,6,6,6,6,1,1,6,6,6,,"03 Jun, 2025"
712,qdipp2n6vbt2tsugksvfbqqdipp2n6es,QW6dZzfA,"Community Peace Perceptions Survey - IEP",,"18 to 24",Male,,1,6,1,6,6,6,6,6,,,"03 Jun, 2025"
713,sryb74ytpj5ytni4la0ghfsryb7pi514,QW6dZzfA,"Community Peace Perceptions Survey - IEP",,"45 to 64",Female,,6,6,6,6,1,6,6,6,6,,"03 Jun, 2025"
714,a2nm0sqsnp6c5ka2nmc88ghi1fbhc88g,QW6dZzfA,"Community Peace Perceptions Survey - IEP",,"45 to 64",Female,,6,6,6,6,1,6,1,,,,"03 Jun, 2025"
715,frgzmkhjnwjj8mx529mfrgzmkhjk3ekn,QW6dZzfA,"Community Peace Perceptions Survey - IEP",,"18 to 24",Male,,1,3,3,4,4,4,4,5,4,,"03 Jun, 2025"
716,58om1mylxuha58ooftcby5un0hhyk4rc,QW6dZzfA,"Community Peace Perceptions Survey - IEP",,"18 to 24",Female,,5,5,5,6,6,2,6,6,5,6,"03 Jun, 2025"
717,99ha7l3y7bjkm7cge21ms99ha7l385pa,QW6dZzfA,"Community Peace Perceptions Survey - IEP",,"25 to 44",Female,,4,1,3,6,4,6,4,3,3,,"03 Jun, 2025"
718,sss2p3s6088csss2tl9qnxddwroi4rvp,QW6dZzfA,"Community Peace Perceptions Survey - IEP",,"45 to 64",Male,,1,1,1,3,1,4,1,3,3,,"03 Jun, 2025"
719,mespj5lga79jiziqdv7je363xmespj5l,QW6dZzfA,"Community Peace Perceptions Survey - IEP",,"45 to 64",Male,,1,3,4,5,3,4,1,2,4,,"03 Jun, 2025"
720,k50gqz1bj9mbloy69e6bok50gqz7d05h,QW6dZzfA,"Community Peace Perceptions Survey - IEP",,"25 to 44",Female,,1,1,3,3,6,1,6,2,5,,"03 Jun, 2025"
721,r8vzzub43nb41qzzrhr8vzzubknrqn8q,QW6dZzfA,"Community Peace Perceptions Survey - IEP",,"25 to 44",Female,,2,2,3,3,3,2,4,2,2,6,"03 Jun, 2025"
722,iqd4r4tlcp1kc5iqyvdpog1lwnhne6ac,QW6dZzfA,"Community Peace Perceptions Survey - IEP",,"18 to 24",Female,,3,1,3,6,6,6,4,1,4,4,"03 Jun, 2025"
723,t3q110gl53hyx027hrt3q11ofpq37xgk,QW6dZzfA,"Community Peace Perceptions Survey - IEP",,"25 to 44",Female,,2,6,4,6,6,1,6,1,6,6,"03 Jun, 2025"
724,2v9w1nnp4083cxob2v9w17wa9d29ji7m,QW6dZzfA,"Community Peace Perceptions Survey - IEP",,"25 to 44",Female,,3,3,6,6,6,1,4,1,5,5,"03 Jun, 2025"
725,8zu3hpvkqw5u5r8zu3hdecohqthlaqs8,QW6dZzfA,"Community Peace Perceptions Survey - IEP",,"25 to 44",Female,,5,5,5,5,5,6,6,1,6,2,"03 Jun, 2025"
726,gft258ap49ko0v1xa0gft25vkcr4yixk,QW6dZzfA,"Community Peace Perceptions Survey - IEP",,"45 to 64",Male,,3,6,3,6,6,6,6,2,4,6,"03 Jun, 2025"
727,iespofvq8zj1ia7niespofvedf5kfzsw,QW6dZzfA,"Community Peace Perceptions Survey - IEP",,"65 and over",Male,,2,4,4,2,6,6,6,4,4,,"03 Jun, 2025"
728,faz6y800fv6d6y0faz6q71zeshc06bl8,QW6dZzfA,"Community Peace Perceptions Survey - IEP",,"25 to 44",Female,,3,3,3,2,4,6,3,2,2,3,"03 Jun, 2025"
729,hgbxukpfz8rpgxwhgbxuvyw60z0qfgei,QW6dZzfA,"Community Peace Perceptions Survey - IEP",,"25 to 44",Female,,1,4,3,3,6,6,6,1,2,6,"03 Jun, 2025"
730,kyvav7ri4u0a865kyvav7jljfqtl1kh1,QW6dZzfA,"Community Peace Perceptions Survey - IEP",,"25 to 44",Male,,1,6,6,6,6,1,6,1,6,6,"03 Jun, 2025"
731,p3zgwznvxy1lec4cp36t49xxkiqk3lyk,QW6dZzfA,"Community Peace Perceptions Survey - IEP",,"25 to 44",Male,,4,4,4,5,5,2,5,5,5,5,"03 Jun, 2025"
732,ag684tl1vso17l9376agxmef8cfwudiu,QW6dZzfA,"Community Peace Perceptions Survey - IEP",,"25 to 44",Male,,6,6,6,5,6,6,6,6,,,"03 Jun, 2025"
733,bp1ofe9enij9bmvqqzrsszbp1ofeaym6,QW6dZzfA,"Community Peace Perceptions Survey - IEP",,"18 to 24",Male,,4,4,4,2,6,1,6,1,3,1,"03 Jun, 2025"
734,0n3j0smc8pjmuy0q60n3j05i59fcwekg,QW6dZzfA,"Community Peace Perceptions Survey - IEP",,"45 to 64",Female,,4,5,5,5,6,3,6,3,4,6,"03 Jun, 2025"
735,p1hjr6y5xdzzhadt1fp1hjr8poc0a9dp,QW6dZzfA,"Community Peace Perceptions Survey - IEP",,"18 to 24",Female,,3,4,2,5,6,4,3,4,5,2,"03 Jun, 2025"
736,1a2h6381llyd2g9ihdw4n1a2h63lu5z8,QW6dZzfA,"Community Peace Perceptions Survey - IEP",,"25 to 44",Female,,3,3,3,3,3,3,3,1,3,3,"03 Jun, 2025"
737,7ntdhoh4v1h1uwnc9r7ntdjzb45iiurc,QW6dZzfA,"Community Peace Perceptions Survey - IEP",,"65 and over",Male,,4,5,5,4,6,2,5,4,4,4,"03 Jun, 2025"
738,jp8wlg62sfdj1l8jp8wktd1l885gu9az,QW6dZzfA,"Community Peace Perceptions Survey - IEP",,"25 to 44",Female,,1,1,1,2,5,2,6,2,5,1,"03 Jun, 2025"
739,ilm72jp37boeo7pilm7pqx4nemcjpa2s,QW6dZzfA,"Community Peace Perceptions Survey - IEP",,"18 to 24",Female,,6,1,3,6,3,6,3,2,3,,"03 Jun, 2025"
740,ndfh3k1e2bfnjjq4x0sdndfhradh4w06,QW6dZzfA,"Community Peace Perceptions Survey - IEP",,"18 to 24",Male,,5,5,,,,,,,,,"03 Jun, 2025"
741,9zi881ch02m0mgyn7qje9zi8k40x8l45,QW6dZzfA,"Community Peace Perceptions Survey - IEP",,"18 to 24",Female,,6,4,4,4,6,1,6,1,3,2,"03 Jun, 2025"
742,dox9g0soednpx1s4dmdox9g0s1a3yxvg,QW6dZzfA,"Community Peace Perceptions Survey - IEP",,"25 to 44",Female,,1,6,4,3,6,4,6,6,5,6,"03 Jun, 2025"
743,d1zzlmuczc93dyod1co7gv5yed3yaz88,QW6dZzfA,"Community Peace Perceptions Survey - IEP",,"25 to 44",Female,,4,3,4,4,6,4,4,3,4,4,"03 Jun, 2025"
744,m9om36byqeb9uqjp3x4m9om36b8gygwl,QW6dZzfA,"Community Peace Perceptions Survey - IEP",,"25 to 44",Male,,6,6,5,4,6,4,6,6,6,6,"03 Jun, 2025"
745,oy0qswktzqjqgkfc3oy0qsydvo1bc3w1,QW6dZzfA,"Community Peace Perceptions Survey - IEP",,"45 to 64",Male,,4,5,5,5,6,2,6,4,5,6,"03 Jun, 2025"
746,l2h4fm0vc3hzirqirql2h4fm0fkyqzyv,QW6dZzfA,"Community Peace Perceptions Survey - IEP",,"45 to 64",Male,,2,2,4,4,4,6,5,1,2,5,"03 Jun, 2025"
747,qqm279dyt3o9fqrniqqm279pt8qoeh75,QW6dZzfA,"Community Peace Perceptions Survey - IEP",,"25 to 44",Female,,5,5,2,3,5,5,6,,,,"03 Jun, 2025"
748,mog86smjm7l4wdtnsgr6mog8qb9ygkcz,QW6dZzfA,"Community Peace Perceptions Survey - IEP",,"25 to 44",Female,,5,6,6,6,6,1,6,4,6,6,"03 Jun, 2025"
749,vzi2pmdegj45t52tovzi2pce14bw6aah,QW6dZzfA,"Community Peace Perceptions Survey - IEP",,"45 to 64",Female,,3,2,3,5,4,5,3,2,3,5,"03 Jun, 2025"
750,1ouuegakak3nfabz5ls1zi1ouueozk0v,QW6dZzfA,"Community Peace Perceptions Survey - IEP",,"18 to 24",Male,,5,6,5,6,6,6,6,6,6,6,"03 Jun, 2025"
751,45cosvvu23ma1rzfubd45cosc6ifjy3c,QW6dZzfA,"Community Peace Perceptions Survey - IEP",,"45 to 64",Male,,6,6,6,6,1,6,3,6,,,"03 Jun, 2025"
752,07e4vfcvwy30klpfw07e4v71ypnghjyj,QW6dZzfA,"Community Peace Perceptions Survey - IEP",,"18 to 24",Female,,4,5,5,5,6,6,6,4,4,4,"03 Jun, 2025"
753,00dbmrfid1vehvaji300dbmrflkcxkvk,QW6dZzfA,"Community Peace Perceptions Survey - IEP",,"25 to 44",Female,,1,1,1,1,6,1,6,1,6,6,"03 Jun, 2025"
754,a160o3scyfmw1izeka160ou0qioufmoa,QW6dZzfA,"Community Peace Perceptions Survey - IEP",,"25 to 44",Male,,2,5,4,4,6,3,5,4,4,5,"03 Jun, 2025"
755,d84k62e4zqtuj6op47yd84k68hfqtqlr,QW6dZzfA,"Community Peace Perceptions Survey - IEP",,"25 to 44",Female,,4,4,3,3,3,4,4,3,4,4,"03 Jun, 2025"
756,doyc1bff67ojzt4fdoyc8ieup8nlapw4,QW6dZzfA,"Community Peace Perceptions Survey - IEP",,"18 to 24",Male,,,,,,,,,,,,"03 Jun, 2025"
757,aheapabeyodqpn10e7laheapabhvonqj,QW6dZzfA,"Community Peace Perceptions Survey - IEP",,"18 to 24",Male,,1,3,3,3,3,3,3,3,3,3,"03 Jun, 2025"
758,v6w1wfzhkkluv6w1wvwx25hz3kpgz42j,QW6dZzfA,"Community Peace Perceptions Survey - IEP",,"45 to 64",Male,,6,1,1,6,6,6,6,1,6,6,"03 Jun, 2025"
759,oldj7uj1iiii57400jdr76oldj7h7yz6,QW6dZzfA,"Community Peace Perceptions Survey - IEP",,"25 to 44",Female,,6,1,6,6,1,1,6,,,,"03 Jun, 2025"
760,4qrt17jxaspaj8ax84qrt1djktoxdjc2,QW6dZzfA,"Community Peace Perceptions Survey - IEP",,"25 to 44",Female,,6,4,6,5,6,1,6,4,5,5,"03 Jun, 2025"
761,jsr72tfq1oh29gwybvijsr72tqqxzfq4,QW6dZzfA,"Community Peace Perceptions Survey - IEP",,"25 to 44",Female,,6,6,6,1,1,1,1,6,,,"03 Jun, 2025"
762,y6gazuogf5i1fqy6j0atyvj4de95lup9,QW6dZzfA,"Community Peace Perceptions Survey - IEP",,"45 to 64",Male,,2,3,5,3,4,3,4,2,1,2,"03 Jun, 2025"
763,x6oo2tud1ji24nczgx6oo2o6alb089s7,QW6dZzfA,"Community Peace Perceptions Survey - IEP",,"Prefer not to say",Male,,3,3,5,5,5,3,5,,,,"03 Jun, 2025"
764,d8xtsu5llibemq7zsd8xt9v829orqgdy,QW6dZzfA,"Community Peace Perceptions Survey - IEP",,"25 to 44",Female,,1,6,6,6,6,6,1,6,,,"03 Jun, 2025"
765,l6y4omg899se03tj45chl6y4omo3ng6d,QW6dZzfA,"Community Peace Perceptions Survey - IEP",,"25 to 44",Female,,4,3,4,4,5,3,4,3,4,4,"03 Jun, 2025"
766,rbm8qz8f5zkp4okthrbm8qzwqkb1eenu,QW6dZzfA,"Community Peace Perceptions Survey - IEP",,"18 to 24",Female,,1,2,3,4,6,4,5,3,3,4,"03 Jun, 2025"
767,ry4b3274nre61i1ry4b32ldrdc89syzs,QW6dZzfA,"Community Peace Perceptions Survey - IEP",,"18 to 24",Female,,3,5,5,5,5,1,6,3,4,3,"03 Jun, 2025"
589,1rxlr3m1jvf8qrfe61rxlr334wueisk4,QW6dZzfA,"Community Peace Perceptions Survey - IEP",,"25 to 44",Male,,6,2,4,6,6,6,6,1,6,6,"03 Jun, 2025"
590,o85r9qs3o1vjii5fut2o85r46ayw7t70,QW6dZzfA,"Community Peace Perceptions Survey - IEP",,"25 to 44",Female,,3,1,1,2,5,4,5,1,1,2,"03 Jun, 2025"
591,lfl9e8t8znqpmltlfl94n1e5mmx27fog,QW6dZzfA,"Community Peace Perceptions Survey - IEP",,"25 to 44",Female,,1,1,2,3,6,1,4,1,3,3,"03 Jun, 2025"
592,475o04m2a6rvroush475o0w9cbj7tt98,QW6dZzfA,"Community Peace Perceptions Survey - IEP",,"25 to 44",Female,,2,2,2,3,2,2,6,2,2,6,"03 Jun, 2025"
593,hyoqr255j2gt1woksveo2xhyoqr9rmr7,QW6dZzfA,"Community Peace Perceptions Survey - IEP",,"25 to 44",Female,,2,2,2,3,6,2,2,3,6,,"03 Jun, 2025"
582,xk2p807qv2mf1bx8pmhbxk2p8076lm7b,WWySQ0lD,"Final Global Survey",,"45 to 64",Male,,6,5,4,3,2,1,2,3,4,5,"03 Jun, 2025"
581,vanmjycpdz6zlvbtn5iz68ovanmjy2ri,WWySQ0lD,"Final Global Survey",,"25 to 44",Male,,6,5,3,2,1,2,3,4,5,6,"03 Jun, 2025"
579,n06d5j7wg3lfxsgigqjkn06d5j7qnyw9,UfEQVgge,"Final Country Survey",,"45 to 64",Other,,5,4,3,2,1,2,3,4,5,6,"03 Jun, 2025"
578,stormx33p5w5dga7j0ra7stormx3a3mu,UfEQVgge,"Final Country Survey",,"25 to 44",Male,,6,5,4,3,2,1,2,3,4,5,"03 Jun, 2025"
577,ds0dhiu9a2tku28dpds0dhiuj00723du,hNNwySc9,"PP Survey - Nepal Test Krizmatic (testing)(Without Name) (Version 3.0 Single Country Testing)",,"65 or over","Prefer not to say",,5,4,3,2,1,6,5,4,3,4,"03 Jun, 2025"
576,bqai2ej47ycfitr9gpbxx6ibqai2ejuk,hNNwySc9,"PP Survey - Nepal Test Krizmatic (testing)(Without Name) (Version 3.0 Single Country Testing)",,"45 to 64","Prefer not to say",,5,4,3,4,5,4,3,4,5,4,"03 Jun, 2025"
575,01JWT42RBHV7PSFQJN4A6EY6YM,hNNwySc9,"PP Survey - Nepal Test Krizmatic (testing)(Without Name) (Version 3.0 Single Country Testing)",,"18 to 24",Male,,5,5,5,5,5,5,5,5,5,5,"03 Jun, 2025"
574,01JWT41E9X4PQ9KJKCXBYKAXRT,hNNwySc9,"PP Survey - Nepal Test Krizmatic (testing)(Without Name) (Version 3.0 Single Country Testing)",,"18 to 24",Male,,5,5,5,5,5,5,5,5,5,5,"03 Jun, 2025"
572,01JWRGFQRQ63T2XQNPDVFNCH1P,wLqSVeHU,"PP Survey - Nepal Test Krizmatic (testing)(Without Name) (Version 3.0 Global Testing2 )",,"Prefer not to say","Prefer not to say",,5,4,3,2,3,4,5,4,3,4,"02 Jun, 2025"
571,01JWRGC3BSHJ53N4ME32PHH5EY,wLqSVeHU,"PP Survey - Nepal Test Krizmatic (testing)(Without Name) (Version 3.0 Global Testing2 )",,"45 to 64",Other,,5,4,3,2,1,2,3,4,5,4,"02 Jun, 2025"
570,01JWRFYJ2QZ2VJ3NG694JCWN38,H454fdYr,"PP Survey - Nepal Test Krizmatic (testing)(Without Name) (Version 3.0 Single CountryTesting2 )",,"25 to 44",Female,,5,4,3,6,4,3,5,4,5,4,"02 Jun, 2025"
569,01JWRFSK7AGFVW00YTN64D84YK,H454fdYr,"PP Survey - Nepal Test Krizmatic (testing)(Without Name) (Version 3.0 Single CountryTesting2 )",,"18 to 24",Male,,5,4,3,2,3,4,5,3,2,4,"02 Jun, 2025"
568,01JWRFCDRWVH63KMJWFD27M2T2,Ew5POM2d,"PP Survey - Nepal Test Krizmatic (testing)(Without Name) (Version 3.0 Global Testing)",,"65 or over","Prefer not to say",,5,4,3,2,1,3,4,5,4,5,"02 Jun, 2025"
567,01JWRF8HE9T9SPQMPDX8SN1SBV,Ew5POM2d,"PP Survey - Nepal Test Krizmatic (testing)(Without Name) (Version 3.0 Global Testing)",,"45 to 64",Other,,5,4,3,2,1,2,3,4,5,6,"02 Jun, 2025"
565,01JWR9W6G8SQRCFWB7FZ2SEE18,hNNwySc9,"PP Survey - Nepal Test Krizmatic (testing)(Without Name) (Version 3.0 Single Country Testing)",,"65 or over","Prefer not to say",,4,3,2,1,5,4,3,6,4,5,"02 Jun, 2025"
564,01JWR9RFRJD21FTF4Z4238ZZFV,hNNwySc9,"PP Survey - Nepal Test Krizmatic (testing)(Without Name) (Version 3.0 Single Country Testing)",,"25 to 44",Male,,5,4,3,2,1,2,3,4,5,6,"02 Jun, 2025"
234,01JW651E2GK3RMDJB55XCH5VZH,HUMVfhoX,,,"Prefer not to say",Female,,4,5,3,2,3,4,5,4,3,3,"26 May, 2025"
232,01JW64WG28GEGFXH2AS4W4MQBJ,HUMVfhoX,,,"45 to 64",Female,,5,4,3,2,1,5,4,3,2,3,"26 May, 2025"
230,01JW64EAWZZ705VQM3G9ZNMV1Q,HUMVfhoX,,,"Prefer not to say","Prefer not to say",,5,4,3,2,1,2,3,4,5,6,"26 May, 2025"
228,01JW64AMX2HED00FPZ3J4E1NZ0,HUMVfhoX,,,"45 to 64",Other,,4,3,2,5,3,1,2,3,4,6,"26 May, 2025"
225,01JW6453QK587P0SP6724N95SG,HUMVfhoX,,,"Prefer not to say","Prefer not to say",,5,4,3,2,1,2,3,4,5,6,"26 May, 2025"
224,01JW642NCQAF8Y0PHTQJS6GP0X,HUMVfhoX,,,"18 to 24",Female,,4,3,2,1,2,4,5,3,4,6,"26 May, 2025"
223,01JW63ZV8ZPDTYWEGESV28VTCC,HUMVfhoX,,,"45 to 64","Prefer not to say",,5,4,3,4,3,2,5,4,4,6,"26 May, 2025"
104,01JVNHJRCQ1A8C365T90BNSTWD,CdRdrGlp,,,"45 to 64","Prefer not to say",,5,5,5,5,5,5,5,5,5,5,"19 May, 2025"
103,01JVNDBFW9FMQHRVXD2Q773ECR,bcVI22dp,,,"25 to 44",Female,,3,3,3,3,3,3,3,3,3,3,"19 May, 2025"
102,01JVHG13RPR3P3BPY7XPPJ5PP5,bcVI22dp,,,"45 to 64",Other,,5,4,3,2,1,2,3,4,5,6,"18 May, 2025"
101,01JVHFS465ZBNTZPCXTT3WHWSD,DFg9dOym,"PP Survey - Nepal Test Krizmatic (Only Country Version 2.0 Final Test)",,"65 or over",Other,,5,4,3,2,1,2,3,4,5,4,"18 May, 2025"
100,01JVHFNC1Q340NAV841FC34TKN,DFg9dOym,"PP Survey - Nepal Test Krizmatic (Only Country Version 2.0 Final Test)",,"18 to 24",Male,,5,5,5,5,5,5,5,5,5,5,"18 May, 2025"
99,01JVHDG91QXG441RCRQD40XM50,CkFhNOFC,"PP Survey - Nepal Test Krizmatic (Both Countries and States Field with New Country Data)",,"65 or over",Other,,5,4,3,2,1,6,5,4,3,2,"18 May, 2025"
98,01JVHC8XTERXFFTFM8D68P72QF,top6Ghv0,"PP Survey - Nepal Test Krizmatic (Only Countries Field with New Country Data)",,"65 or over","Prefer not to say",,5,4,3,2,1,6,3,5,2,3,"18 May, 2025"
97,01JVHC652RQF9YFWZRZBZ928WH,top6Ghv0,"PP Survey - Nepal Test Krizmatic (Only Countries Field with New Country Data)",,"18 to 24",Male,,5,5,5,5,5,5,5,5,5,5,"18 May, 2025"
96,01JVHA7FQPKY9QQM8F0444DKPY,G95oJYy6,"PP Survey - Nepal Test Krizmatic (Testing From Version 2.0 Only Country)",,"18 to 24",Male,,5,5,5,5,5,5,5,5,5,5,"18 May, 2025"
95,01JV6N7XTWG5ZC3RRQDBS0Q4CD,gb2toHk2,"PP Survey - Nepal Test Krizmatic (Testing From Version 2.0 Both Country and State)",,"65 or over",Female,,6,5,4,3,2,1,2,3,4,5,"14 May, 2025"
94,01JV6N01W4V5JXHCGF801BTBCW,G95oJYy6,"PP Survey - Nepal Test Krizmatic (Testing From Version 2.0 Only Country)",,"Prefer not to say","Prefer not to say",,5,4,6,3,2,1,2,3,4,5,"14 May, 2025"
93,01JSK3WNE3CEKNPTYGJQ3EWGAN,HdULwfVZ,"PP Survey - Nepal Test Krizmatic (testing)(Without Name)",,"25 to 44",Female,,4,5,3,4,5,4,3,3,5,3,"24 Apr, 2025"
92,01JSK3QBYABB4VQR4GQV0N6SM1,HdULwfVZ,"PP Survey - Nepal Test Krizmatic (testing)(Without Name)",,"18 to 24",Male,,5,5,5,5,5,5,5,5,5,5,"24 Apr, 2025"
91,01JSK30P2VZ2PGD3AMG8RK39M0,WvlgTipL,"PP Survey - Australia Test Krizmatic",Testing,"25 to 44",Male,,4,4,4,3,5,3,3,4,3,5,"24 Apr, 2025"
90,01JSEQDYAVMNMBJ83AW9M1E6K3,HdULwfVZ,"PP Survey - Nepal Test Krizmatic (testing)(Without Name)",,"18 to 24",Male,,5,5,5,5,5,5,5,5,5,5,"22 Apr, 2025"
89,01JSDT3FKAQ61AX6RED4NTWMMC,R1S47nl1,"PP Survey - Mexico Test 3",,"Prefer not to say","Prefer not to say",,3,3,4,3,4,4,4,3,4,3,"22 Apr, 2025"
88,01JSDT0XV6RSFM5MJE3PB7HRCM,R1S47nl1,"PP Survey - Mexico Test 3",,"Prefer not to say","Prefer not to say",,4,4,4,4,3,3,3,3,4,3,"22 Apr, 2025"
87,01JSDSPXBBCFV0FR4PBBPGFAA5,R1S47nl1,"PP Survey - Mexico Test 3",test,"65 or over","Prefer not to say",,5,5,5,4,4,4,4,4,4,4,"22 Apr, 2025"
86,01JSDS3EYY8W2AGE36GVDJHJCF,R1S47nl1,"PP Survey - Mexico Test 3",,"25 to 44",Female,,5,5,5,5,5,5,5,5,5,5,"22 Apr, 2025"
85,01JSDRSJGMQAP61880ZM9AM9GH,lWyY08bN,"PP Survey | Kenya | TCF",kenya2204,"Prefer not to say",Male,,4,4,4,4,4,4,4,4,4,4,"22 Apr, 2025"
84,01JRSBE3GDZRPQ4YZD9FJSBD2M,lWyY08bN,"PP Survey | Kenya | TCF","Test Kenya","25 to 44",Female,,2,5,5,6,3,5,1,6,4,5,"14 Apr, 2025"
83,01JRRZCRAEJTDNHA5JGRTMZSDC,Oc3oJSuU,"PP Survey | South Sudan | TCF",Test14042025,"Prefer not to say",Male,,4,1,6,4,4,2,5,5,5,3,"13 Apr, 2025"
82,01JRRX5CBCK6WQJNTZD6X18AZQ,R1S47nl1,"PP Survey - Mexico Test 3",test,"65 or over",Female,,3,3,3,3,3,3,3,5,6,1,"13 Apr, 2025"
81,01JRH60WAYP6Z2RVBBK623PXKX,R1S47nl1,"PP Survey - Mexico Test 3",,"25 to 44",Female,,4,4,4,4,4,4,4,4,4,4,"10 Apr, 2025"
80,01JRH3QF9J7AV9TKP9YQZ636R2,R1S47nl1,"PP Survey - Mexico Test 3",1,"25 to 44",Male,,4,4,4,4,4,4,4,4,4,4,"10 Apr, 2025"
79,01JRH3GASV88Q8W6P5D6ZSGV4R,R1S47nl1,"PP Survey - Mexico Test 3",,"Prefer not to say","Prefer not to say",,4,3,4,4,4,4,4,4,4,4,"10 Apr, 2025"
78,01JRFNA6MDY2DB16BAH3X7D7EP,HSm8Hn55,"PP Survey - Mexico Test 2","Lorem ipsum dolor","18 to 24",Male,,5,5,5,5,5,5,5,5,5,5,"10 Apr, 2025"
77,01JRFMMT1ZJK8KQ40VFBYVCKMB,rM3eqoLh,,,"65 or over","Prefer not to say",,4,5,3,2,6,2,1,5,3,4,"10 Apr, 2025"
76,01JRFK2QGQZWBAAH20JT3AP909,rM3eqoLh,,,"Prefer not to say","Prefer not to say",,4,5,6,3,2,1,5,4,3,6,"10 Apr, 2025"
75,01JRD1H6GV8H41EKT54ZW0D96R,l2oU8EKi,,,"65 or over",Other,,5,4,6,3,2,4,2,5,1,4,"09 Apr, 2025"
74,01JRD25943EDY0678WRS40MD5S,l2oU8EKi,,,"65 or over",Other,,5,4,3,6,2,1,5,6,2,1,"09 Apr, 2025"
73,01JRD22TKJY7BH5W5F28ZXYWB0,l2oU8EKi,,"Lorem ipsum dolor","18 to 24",Male,,5,5,5,5,5,5,5,5,5,5,"09 Apr, 2025"
72,01JRD1XM8A6QJ9ZE95K9RHE0M0,HSm8Hn55,"PP Survey - Mexico Test 2","Lorem ipsum dolor","18 to 24",Male,,5,5,5,5,5,5,5,5,5,5,"09 Apr, 2025"
71,01JRD1VH3WQWA4AJSYARC1QS37,HSm8Hn55,"PP Survey - Mexico Test 2",,"65 or over",Male,,5,6,4,3,2,5,4,5,2,1,"09 Apr, 2025"
70,01JRD1QC3KV8E6Y9FEYJK181N0,rM3eqoLh,,"Lorem ipsum dolor","18 to 24",Male,,5,5,5,5,5,5,5,5,5,5,"09 Apr, 2025"
69,01JRD1P7C3P8BN9SAGSXQJ6Y51,rM3eqoLh,,,"45 to 64",Female,,4,5,3,2,5,1,6,3,4,2,"09 Apr, 2025"
68,01JRD1F818XPVVZNK5S79B738D,rM3eqoLh,,"Lorem ipsum dolor","18 to 24",Male,,5,5,5,5,5,5,5,5,5,5,"09 Apr, 2025"
67,01JRD0HYGYSQ1STCCHHJTHM3ER,rM3eqoLh,,"Lorem ipsum dolor","18 to 24",Male,,5,5,5,5,5,5,5,5,5,5,"09 Apr, 2025"
66,01JRANJY2A5KPR1PT47DR3V4TK,rM3eqoLh,,"Lorem ipsum dolor","18 to 24",Male,,5,5,5,5,5,5,5,5,5,5,"08 Apr, 2025"
65,01JRAMXYKK2H2C3XXAFH74653F,rM3eqoLh,,"Lorem ipsum dolor","18 to 24",Male,,5,5,5,5,5,5,5,5,5,5,"08 Apr, 2025"
64,01JRAMHN0XBGRJB2A3355529QB,C2x9h6E6,"PP Survey - Germany - IEP","Lorem ipsum dolor","18 to 24",Male,,5,5,5,5,5,5,5,5,5,5,"08 Apr, 2025"
63,01JQWE9TJ0T8YTSH902D5XKFQH,rZw3S1fZ,"PP Survey - Australia Test",Ann,"45 to 64",Female,,5,6,6,6,6,1,6,5,6,6,"02 Apr, 2025"
62,01JQVJ3QJJ03X7JMSGWZA6VN2J,REXOosjA,"PP Survey - France Test",Lupo,"18 to 24",Male,,3,4,4,3,6,5,5,3,4,3,"02 Apr, 2025"
61,01JQQTA9MNG468ZP2VVEVV2PT0,REXOosjA,"PP Survey - France Test",sdsfsd,"25 to 44",Female,,3,3,3,3,3,6,4,4,4,5,"01 Apr, 2025"
60,01JQQSWPBYXMACSTET0KT36XE2,C2x9h6E6,"PP Survey - Germany - IEP",Alex,"25 to 44",Male,,4,4,4,4,4,4,4,4,4,4,"01 Apr, 2025"
59,01JQQSB9TRJRAWS3VNTSYGJJW6,HSm8Hn55,"PP Survey - Mexico Test 2",Alex,"25 to 44",Male,,3,3,6,6,5,1,3,3,3,4,"01 Apr, 2025"
58,01JQQS9YTF40C98YEE8NKEZTJ1,BLR94fYk,"PP Survey - Cambodia Test",Alex,"25 to 44",Male,,6,5,5,4,3,1,2,3,4,5,"01 Apr, 2025"
57,01JQQS8CV4C4JFC26PEJ058X4N,REXOosjA,"PP Survey - France Test",Alex,"25 to 44",Male,,4,6,5,4,6,4,6,4,6,6,"01 Apr, 2025"
56,01JQQDG869E84R9592R2JPG80J,BLR94fYk,"PP Survey - Cambodia Test",iepcamapr1,"65 or over",Other,,4,4,4,4,4,4,2,6,6,6,"31 Mar, 2025"
55,01JQQCG25BDYB55G2TYSY72R9V,rZw3S1fZ,"PP Survey - Australia Test",sfsds,"65 or over",Male,,4,4,4,4,4,4,4,4,4,4,"31 Mar, 2025"
54,01JQQC3WQPMZT5T7YAMS5SKYBR,BLR94fYk,"PP Survey - Cambodia Test",fsdsad,"18 to 24",Female,,3,3,3,3,3,3,3,3,5,5,"31 Mar, 2025"
53,01JQQBYBGJRX1FGC5MSCAC6901,REXOosjA,"PP Survey - France Test",aa,"18 to 24",Female,,4,1,5,1,3,6,1,4,2,5,"31 Mar, 2025"
52,01JQQ9VF9BXVFBM1ET9JWETZJS,HSm8Hn55,"PP Survey - Mexico Test 2",aaa,"18 to 24",Male,,3,3,4,2,5,2,2,2,2,5,"31 Mar, 2025"
51,01JQQ8V3XNRXYSDV4Y906M4N3R,C2x9h6E6,"PP Survey - Germany - IEP",ieptestgermapril1,"18 to 24",Other,,3,3,4,1,6,5,2,5,5,5,"31 Mar, 2025"
50,01JQQ641YW8ZCH3XPMRNPG3WT0,BLR94fYk,"PP Survey - Cambodia Test",test1april,"25 to 44",Female,,4,4,4,4,4,4,4,4,4,4,"31 Mar, 2025"
49,01JQNZMP5C8WCZ1JEZN8KV5THX,C2x9h6E6,"PP Survey - Germany - IEP",testing,"45 to 64",Female,,4,3,5,3,6,4,3,5,2,3,"31 Mar, 2025"
48,01JQNZGYMW9D8P1WKVKKK1D1AT,C2x9h6E6,"PP Survey - Germany - IEP","Lorem ipsum dolor","18 to 24",Male,,5,5,5,5,5,5,5,5,5,5,"31 Mar, 2025"
47,01JQD15D8A9EJEZJY55G9T4CXG,REXOosjA,"PP Survey - France Test",iepfrance281,"25 to 44",Female,,4,4,4,4,4,4,4,4,4,4,"27 Mar, 2025"
46,01JQD072Q3JZAE5EZ5TRZ9P2WZ,q96ah89t,"PP Survey - France 2 Test",iepfrance28,"25 to 44",Female,,4,4,4,4,4,4,4,4,4,4,"27 Mar, 2025"
45,01JQBEEHRV4H17EFA2RHVYJPTR,l2oU8EKi,,Testing,"25 to 44",Male,,4,3,2,1,5,6,1,2,3,4,"27 Mar, 2025"
44,01JQBEA9MAZKZ7KHASZ3RF6AYS,l2oU8EKi,,Testing,"25 देखि 44 सम्म",पुरुष,,4,3,2,1,5,6,1,2,3,4,"27 Mar, 2025"
43,01JQBDY1GWTCGK33XF3SNFYKB1,rM3eqoLh,,"Lorem ipsum dolor","18 to 24",Male,,5,5,5,5,5,5,5,5,5,5,"27 Mar, 2025"
41,01JQB67DMG2DAYCP1JVFTWE2YY,rM3eqoLh,,"Lorem ipsum dolor","18 देखि 24 सम्म",पुरुष,,5,5,5,5,5,5,5,5,5,5,"27 Mar, 2025"
40,01JQB0SGGDAQCG1WF5AYS2NB91,C2x9h6E6,"PP Survey - Germany - IEP",iepgermany27,"65 or over",Other,,6,6,6,6,6,6,6,6,6,6,"27 Mar, 2025"
39,01JQ8YW6XMB72W1EJCST4AASND,rM3eqoLh,,"Lorem ipsum dolor","18 देखि 24 सम्म",पुरुष,,5,5,5,5,5,5,5,5,5,5,"26 Mar, 2025"
38,01JQ8AC79J6FKENHBBZPAR8STC,rZw3S1fZ,"PP Survey - Australia Test",iepaus262,"45 to 64",Female,,2,4,5,6,1,3,2,4,6,3,"26 Mar, 2025"
37,01JQ8AA8QKQ44498CRJSNQ6VP7,rZw3S1fZ,"PP Survey - Australia Test",iepaus26,"18 to 24",Female,,4,2,5,2,5,5,3,4,1,1,"26 Mar, 2025"
36,01JQ61MYNJ77J72FRRQMYX0R8P,rM3eqoLh,,"Lorem ipsum dolor","18 देखि 24 सम्म",पुरुष,,5,5,5,5,5,5,5,5,5,5,"25 Mar, 2025"
35,01JQ5PH072RCW939JWR6BYGZNA,q96ah89t,"PP Survey - France 2 Test",wvfrance1,"18 to 24",Female,,1,5,3,6,2,3,5,1,5,3,"25 Mar, 2025"
34,01JQ5PCAZWM5TTZW0QQZBAMKX1,REXOosjA,"PP Survey - France Test",iepfrance22,"25 to 44",Female,,4,4,4,4,4,4,4,4,4,4,"25 Mar, 2025"
33,01JQ5PB5H6RRBDPR7YR9BJGWB6,q96ah89t,"PP Survey - France 2 Test",iepfrance2,"25 to 44",Male,,4,2,5,1,4,3,4,2,2,2,"25 Mar, 2025"
32,01JQ5NYK0A13SKSZ8ZXSSMX2PZ,BLR94fYk,"PP Survey - Cambodia Test",iepcambodia1,"25 to 44",Female,,6,6,4,5,5,4,4,4,5,6,"25 Mar, 2025"
31,01JQ5NKV4RA05G1NBEXMZZKPFC,PkuxGEnn,"PP Survey - Mexico Test",iepmexico4,"65 वा माथि",पुरुष,,6,6,6,6,6,6,6,5,6,6,"25 Mar, 2025"
30,01JQ5NJGRK8BY6V8QX1P66VJJ0,PkuxGEnn,"PP Survey - Mexico Test",iepmexico3,"25 देखि 44 सम्म",पुरुष,,1,1,1,1,1,1,1,1,1,1,"25 Mar, 2025"
29,01JQ5NHEHCMJ0TKEN9YR6YRYNY,PkuxGEnn,"PP Survey - Mexico Test",iepmexico2,"25 देखि 44 सम्म",पुरुष,,4,4,4,4,4,4,4,4,4,4,"25 Mar, 2025"
28,01JQ5NGB2J6SCFG1XZE12D9XM7,PkuxGEnn,"PP Survey - Mexico Test",iepmexico1,"18 देखि 24 सम्म",पुरुष,,3,3,3,3,3,3,3,3,3,3,"25 Mar, 2025"
27,01JQ5N8KFGCMHFT36T3R9GF6WG,REXOosjA,"PP Survey - France Test",iepfrance4,"65 or over",Female,,1,1,5,5,5,1,5,5,5,5,"25 Mar, 2025"
26,01JQ5N76974ZJCZ46DPX91QQMS,REXOosjA,"PP Survey - France Test",iepfrance3,"45 to 64",Male,,2,2,2,2,2,2,2,2,6,6,"25 Mar, 2025"
25,01JQ5N5Z9T1JR7RKCNK0N8DRQP,REXOosjA,"PP Survey - France Test",iepfrance2,"25 to 44",Female,,4,4,4,4,4,4,4,4,4,4,"25 Mar, 2025"
24,01JQ5N4MKD10MSRD05BE2JT1XB,REXOosjA,"PP Survey - France Test",iepfrance1,"18 to 24",Male,,3,3,3,3,3,3,3,3,3,3,"25 Mar, 2025"
23,01JQ396FH00APX801E7GMST2TA,BLR94fYk,"PP Survey - Cambodia Test","cambodia test1","25 to 44",Female,,4,4,4,4,4,4,4,4,4,4,"24 Mar, 2025"
22,01JQ30ACAK450SM3EH5CK26DP2,PkuxGEnn,"PP Survey - Mexico Test","During Survey - Test","18 देखि 24 सम्म",पुरुष,,4,3,4,3,4,3,4,3,3,3,"24 Mar, 2025"
21,01JQ2ZEJ8FADNVTHPM0PTH8241,PkuxGEnn,"PP Survey - Mexico Test","question order changed","18 देखि 24 सम्म",महिला,,4,4,4,4,4,4,4,4,4,4,"24 Mar, 2025"
20,01JQ2Z69JGM50HAFH6G9T389EM,TfCX3x4c,"PP Survey - Kenya Test","kenya test 2","25 to 44",Mwanamke,,3,3,3,3,3,3,3,3,4,4,"24 Mar, 2025"
19,01JQ2Z529XQ8RWWKBMK0AQDJXZ,TfCX3x4c,"PP Survey - Kenya Test","kenya test1","45 to 64",Mwanaume,,4,5,6,5,4,6,4,5,6,6,"24 Mar, 2025"
18,01JQ2YV3TTG8W2AT1WDVR6MNWA,PkuxGEnn,"PP Survey - Mexico Test",test2,"25 देखि 44 सम्म",महिला,,3,3,3,3,3,3,3,3,3,3,"23 Mar, 2025"
16,01JQ1FGJGX555QSXJ7HA9XPCHH,REXOosjA,"PP Survey - France Test","Lorem ipsum dolor","18 to 24",Male,,5,5,5,5,5,5,5,5,5,5,"23 Mar, 2025"
15,01JPWA6Q5W5PCP7SDS0AAEYK5B,REXOosjA,"PP Survey - France Test","Lorem ipsum dolor","18 to 24",Male,,5,5,5,5,5,5,5,5,5,5,"21 Mar, 2025"
6,1234,aG4lCMeJ,"Positive Peace Survey 2024 Nepal",Sita,"18 to 24",Female,,3,4,2,3,4,5,6,4,3,2,"14 Mar, 2025"
5,01JP9N9F7FGAH6S71VXB24HZVV,zA7q38pK,"PP Survey - US Test","Lorem ipsum dolor","18 to 24",Male,,5,5,5,5,5,5,5,5,2,5,"14 Mar, 2025"
7,01JP9N9F7FGAH6S71VXB24HZVV,H4xnqMxy,"Positive Peace Survey 2024 Malawi","Lorem ipsum dolor","18 to 24",Male,,5,5,5,5,5,5,5,5,2,5,"14 Mar, 2025"
8,01JP9N9F7FGAH6S71VXB24HZVV,H4xnqMxy,"Positive Peace Survey 2024 Malawi","Lorem ipsum dolor","18 to 24",Male,,5,5,5,5,5,5,5,5,2,5,"14 Mar, 2025"
9,01JP9N9F7FGAH6S71VXB24HZVV,H4xnqMxy,"Positive Peace Survey 2024 Malawi","Lorem ipsum dolor","18 to 24",Male,,5,5,5,5,5,5,5,5,2,5,"14 Mar, 2025"
10,01JP9N9F7FGAH6S71VXB24HZVV,BLR94fYk,"PP Survey - Cambodia Test","Lorem ipsum dolor","18 to 24",Male,,5,5,5,5,5,5,5,5,2,5,"14 Mar, 2025"
11,01JP9N9F7FGAH6S71VXB24HZVV,rZw3S1fZ,"PP Survey - Australia Test","Lorem ipsum dolor","18 to 24",Male,,5,5,5,5,5,5,5,5,2,5,"14 Mar, 2025"
12,01JP9N9F7FGAH6S71VXB24HZVV,BLR94fYk,"PP Survey - Cambodia Test","Lorem ipsum dolor","18 to 24",Male,,5,5,5,5,5,5,5,5,2,5,"14 Mar, 2025"
13,01JP9N9F7FGAH6S71VXB24HZVV,TfCX3x4c,"PP Survey - Kenya Test","Lorem ipsum dolor","18 to 24",Male,,5,5,5,5,5,5,5,5,2,5,"14 Mar, 2025"
14,01JP9N9F7FGAH6S71VXB24HZVV,TfCX3x4c,"PP Survey - Kenya Test","Lorem ipsum dolor","18 to 24",Male,,3,6,2,3,4,5,1,2,5,5,"14 Mar, 2025"
4,01JP9K2G4VNH7GR0VR27JHJS8H,zA7q38pK,"PP Survey - US Test","Lorem ipsum dolor","18 to 24",Male,,5,5,5,5,5,5,5,5,5,5,"14 Mar, 2025"
3,01JP4B0ZXQEXTJFH4TA3RDXJ6B,rZw3S1fZ,"PP Survey - Australia Test","Lorem ipsum dolor","18 to 24",Male,,5,5,5,5,5,5,5,5,5,5,"12 Mar, 2025"
2,01JNZ9TPS4GN6A8B37BK47YQQ2,rZw3S1fZ,"PP Survey - Australia Test","Lorem ipsum dolor","18 to 24",Male,,5,5,5,5,5,5,5,5,5,5,"10 Mar, 2025"
1,01JNZ9T67R3VTDNDKJ9Z282YKH,rZw3S1fZ,"PP Survey - Australia Test","Lorem ipsum dolor","18 to 24",Male,,5,5,5,5,5,5,5,5,2,5,"10 Mar, 2025"
